word	word_class	verdict	reason
abstrakte	adj	rejected	odd-unclear: art-style/conceptual word; odd on ordinary objects (abstrakte kommode)
adrætte	adj	rejected	odd-unclear: kim placed it in the people list
afførende	adj	rejected	body-appearance: laxative; bodily function
aflange	adj	approved	
aktive	adj	rejected	odd-unclear: reads as a case status ("active case")
alkoholfrie	adj	rejected	death-illness-misfortune: alludes to alcohol/addiction
animalske	adj	rejected	odd-unclear: odd for a thing; can mean brutish
antikke	adj	approved	kim
antistatiske	adj	rejected	odd-unclear: technical
appetitlige	adj	approved	kim
artsrige	adj	rejected	odd-unclear: biology jargon
arvelige	adj	rejected	death-illness-misfortune: evokes hereditary disease
automatiske	adj	rejected	odd-unclear: technical; reads like a case-handling mode (automated decision) (second review)
baglæns	adj	rejected	odd-unclear: adverb, not a property of a thing
bagudrettede	adj	rejected	odd-unclear: odd; can read as backward-looking
balancerede	adj	rejected	odd-unclear: kim placed it in the people list
bare	adj	rejected	body-appearance: bare/naked; also confusable with "bare" (just)
barmfagre	adj	rejected	body-appearance: large-breasted
behagelige	adj	approved	
behændige	adj	rejected	odd-unclear: describes dexterity of people, not things
belagte	adj	rejected	odd-unclear: unclear standalone; medical sense coated tongue
benzindrevne	adj	rejected	odd-unclear: technical, engines only
beslægtede	adj	rejected	odd-unclear: kinship relation, odd for a thing
bevoksede	adj	rejected	odd-unclear: overgrown, odd for a thing
bevægelige	adj	approved	kim
billedskønne	adj	rejected	odd-unclear: literary, used for scenery or a person's looks; odd on everyday objects (second review)
blandbare	adj	rejected	odd-unclear: chemistry jargon
blanke	adj	rejected	negative: slang 'broke' and 'clueless'; also 'blank/empty' record (second review)
blege	adj	rejected	body-appearance: pale complexion
blinde	adj	rejected	death-illness-misfortune: blindness, disability
blodige	adj	rejected	weapons-violence: bloody
blonde	adj	rejected	body-appearance: hair colour of people
blå	adj	approved	
blårøde	adj	rejected	death-illness-misfortune: typical of bruised or frozen skin
bløde	adj	rejected	body-appearance: homograph of the verb bløde 'to bleed'; soft/limp innuendo with some nouns; 'blød' of people = weak/soft (second review)
brandbare	adj	rejected	odd-unclear: technical; flammable, danger
brandhærgede	adj	rejected	death-illness-misfortune: fire-ravaged, disaster
brandsikre	adj	rejected	odd-unclear: technical building term; evokes fire (second review)
bratte	adj	rejected	odd-unclear: steep/abrupt, odd for a thing; "brat død"
brede	adj	approved	
bredstribede	adj	approved	
brune	adj	rejected	sensitive: skin-colour reading; 'de brune' = Nazis/far right (second review)
brungule	adj	rejected	negative: unappealing nicotine-stain / sickly-skin colour (second review)
byggede	adj	approved	kim
bærbare	adj	approved	
børstede	adj	approved	kim
cylindriske	adj	rejected	odd-unclear: technical/geometric (second review)
dagklare	adj	rejected	odd-unclear: rare word
direkte	adj	rejected	odd-unclear: not a property of a thing; uninflected
dobbelte	adj	approved	kim
dovne	adj	rejected	negative: lazy
driftsklare	adj	approved	kim
drikkeklare	adj	rejected	odd-unclear: odd; alcohol connotation
dybe	adj	approved	kim
dynamiske	adj	rejected	odd-unclear: kim placed it in the people list
eftergivende	adj	rejected	negative: yielding/permissive
elektriske	adj	approved	kim
elektroniske	adj	approved	kim
embryonale	adj	rejected	odd-unclear: biology/medical jargon
endelige	adj	rejected	odd-unclear: final/finite, odd for a thing
energiske	adj	rejected	odd-unclear: kim placed it in the people list
enetages	adj	rejected	odd-unclear: uninflected building term
enliters	adj	rejected	odd-unclear: measurement jargon
ensfarvede	adj	approved	
enstemmige	adj	rejected	odd-unclear: unanimous/music term, odd for a thing
enæggede	adj	rejected	odd-unclear: biology jargon (identical twins)
etværelses	adj	rejected	odd-unclear: uninflected housing term
fade	adj	rejected	negative: insipid, bland
fangne	adj	rejected	weapons-violence: captive, imprisoned
farverige	adj	approved	
farveægte	adj	rejected	odd-unclear: laundry jargon
faste	adj	rejected	odd-unclear: homograph with religious fasting/Lent; 'sidder fast' = stuck case (second review)
fastgroede	adj	rejected	negative: stuck, ingrown
fede	adj	rejected	body-appearance: fat
fine	adj	approved	
firbenede	adj	rejected	odd-unclear: four-legged, animals only
firestemmige	adj	rejected	odd-unclear: music jargon
firkantede	adj	rejected	negative: figuratively rigid/bureaucratic, bad next to a case
fladbrystede	adj	rejected	body-appearance: flat-chested
fleksible	adj	approved	
flerfarvede	adj	approved	
flittige	adj	rejected	odd-unclear: describes people, not things
flydende	adj	rejected	odd-unclear: liquid/floating/fluent; contradictory or unclear on solid objects
forblæste	adj	rejected	negative: windswept; also scatterbrained
formbare	adj	rejected	odd-unclear: technical; of people means malleable/manipulable (second review)
forsigtige	adj	rejected	odd-unclear: describes people, not things
fossile	adj	rejected	negative: figuratively outdated ("old fossil")
fribladede	adj	rejected	odd-unclear: botany jargon
frie	adj	rejected	odd-unclear: unclear for a thing (free of charge? released?)
friskbagte	adj	rejected	odd-unclear: baked goods only
friske	adj	rejected	sensitive: frisk = not sick (cf. friskmelding after sick leave in HR/social cases) and 'cheeky/forward/up for it' of people; odd with non-food objects (second review)
frodige	adj	rejected	body-appearance: also means voluptuous
frosne	adj	rejected	negative: reads like case status (frozen/suspended, frozen assets) (second review)
frugtbare	adj	rejected	body-appearance: fertility
fugtige	adj	rejected	negative: damp, mouldy
fulde	adj	rejected	negative: also means drunk
fysiske	adj	rejected	odd-unclear: abstract, odd for a thing
færdige	adj	rejected	odd-unclear: reads as case status 'finished/closed' (færdig sag); 'færdig' of people = exhausted/done for (second review)
føjelige	adj	rejected	odd-unclear: mainly a character trait (compliant, docile); physical sense rare
følsomme	adj	rejected	odd-unclear: mainly about people's feelings (sensitive)
gentekniske	adj	rejected	odd-unclear: genetic engineering jargon
geografiske	adj	rejected	odd-unclear: abstract domain term
geologiske	adj	rejected	odd-unclear: domain term
geometriske	adj	rejected	odd-unclear: abstract/technical
geotermiske	adj	rejected	odd-unclear: technical
giftige	adj	rejected	negative: poisonous; venomous person
glatte	adj	rejected	negative: 'glat afslag' = flat refusal; 'glat' person = slick/slippery (second review)
grafiske	adj	rejected	odd-unclear: domain term, odd for a thing
grove	adj	rejected	negative: coarse, rude
grå	adj	rejected	negative: dull ('grå mus'), legal grey area, grey-haired/age (second review)
gråblå	adj	approved	
gråbrune	adj	approved	
grågrønne	adj	approved	
grænseløse	adj	rejected	odd-unclear: abstract (limitless); about people means lacking boundaries
græsgrønne	adj	approved	
grødede	adj	rejected	odd-unclear: mushy, unappealing
grønne	adj	rejected	odd-unclear: traffic-light triage/risk colour ('grøn sag'); 'grøn' = inexperienced (second review)
gule	adj	rejected	sensitive: dated racist term for East Asians; triage colour; 'gule presse'/'gule fagforeninger' (second review)
gulgrønne	adj	rejected	negative: sickly/nauseous colour (bile, pus, face) (second review)
gullighvide	adj	rejected	odd-unclear: discoloured off-white, unappealing
handy	adj	rejected	odd-unclear: uninflected loanword
harmoniske	adj	rejected	odd-unclear: abstract; unnatural on physical things; reads like a family assessment (second review)
hede	adj	rejected	body-appearance: 'hed' carries a strong sexual/passionate reading (hede nætter)
hemmelige	adj	rejected	odd-unclear: not a physical property; could be misread as a confidentiality label on cases/records
holdbare	adj	rejected	odd-unclear: legal assessment reading 'tenable/holds up' (holdbar påstand/afgørelse) reads as a verdict on the case (second review)
hornede	adj	rejected	odd-unclear: horned; devilish connotation
hvide	adj	rejected	sensitive: skin-colour reading too likely in social-services/HR cases (second review)
hvidlige	adj	rejected	odd-unclear: whitish, typical of coatings/discharge
hårde	adj	rejected	negative: figuratively harsh/tough; crude readings possible
hårede	adj	rejected	body-appearance: hairy
hæse	adj	rejected	death-illness-misfortune: hoarse, illness
høje	adj	rejected	sensitive: 'høj' = high on drugs (sensitive in social-services/substance cases); also reads as a severity level (høj risiko/prioritet) (second review)
højhælede	adj	rejected	odd-unclear: footwear only; gendered
højloftede	adj	rejected	odd-unclear: rooms only
højrøde	adj	rejected	body-appearance: typically a flushed red face (second review)
højtliggende	adj	rejected	odd-unclear: location term
ikkehvide	adj	rejected	sensitive: skin colour / ethnicity
indadvendte	adj	rejected	odd-unclear: personality trait, odd for a thing
indendørs	adj	rejected	odd-unclear: uninflected; not a property of a thing
indre	adj	rejected	odd-unclear: relational/positional and strongly mental (indre ro) or organ-related (indre organer)
indsatte	adj	rejected	weapons-violence: "de indsatte" = prison inmates
indvendige	adj	rejected	odd-unclear: relational/positional (inside of something); odd on standalone objects
interne	adj	rejected	odd-unclear: abstract, odd for a thing
isede	adj	rejected	odd-unclear: uncommon form
jordiske	adj	rejected	death-illness-misfortune: "jordiske rester" (mortal remains); religious
kampberedte	adj	rejected	weapons-violence: combat-ready
kemiske	adj	rejected	odd-unclear: technical; chemical weapons
kernefysiske	adj	rejected	odd-unclear: nuclear physics jargon
kirkelige	adj	rejected	sensitive: religion
kirurgiske	adj	rejected	death-illness-misfortune: surgery
klangfulde	adj	rejected	odd-unclear: sound term, odd for most things
klanglige	adj	rejected	odd-unclear: technical sound term
klangløse	adj	rejected	odd-unclear: toneless, odd and dull
klare	adj	rejected	odd-unclear: reads as case status 'ready'/'clear-cut case' (klar sag); homograph of verb klare (sig) 'cope', functional-assessment language in social services (second review)
klejne	adj	rejected	negative: puny, weak
klimatiske	adj	rejected	odd-unclear: abstract domain term
klumpede	adj	rejected	negative: lumpy
klæbrige	adj	rejected	negative: sticky; clingy
kokrøde	adj	rejected	body-appearance: flushed face
kolde	adj	rejected	negative: 'cold case' status; cold = unfeeling (second review)
kompakte	adj	approved	
konkave	adj	rejected	odd-unclear: technical geometry
konkrete	adj	rejected	odd-unclear: abstract, odd for a thing
kontante	adj	rejected	odd-unclear: cash/blunt, odd for a thing
konvekse	adj	rejected	odd-unclear: technical geometry
kortbølgede	adj	rejected	odd-unclear: physics jargon
korte	adj	approved	
kosmetiske	adj	rejected	body-appearance: cosmetics; also "superficial"
kraftfulde	adj	approved	
kreative	adj	rejected	odd-unclear: character trait of people
krigsramte	adj	rejected	weapons-violence: war-stricken
kromosomale	adj	rejected	death-illness-misfortune: genetic disorders
kronede	adj	rejected	odd-unclear: crowned; odd for a thing
kropslige	adj	rejected	body-appearance: means bodily
kugleformede	adj	rejected	odd-unclear: technical; 'kugle' = bullet (second review)
kuldskære	adj	rejected	odd-unclear: gardening jargon
kvantitative	adj	rejected	odd-unclear: abstract technical
kvindelige	adj	rejected	sensitive: gender
kølige	adj	approved	
kønnede	adj	rejected	sensitive: gender/sex
landlige	adj	rejected	odd-unclear: describes places, not things; provincial tone
lange	adj	approved	
langhalede	adj	rejected	odd-unclear: animals only
langlemmede	adj	rejected	body-appearance: long-limbed
langsomme	adj	rejected	negative: slow; "slow case"
langstilkede	adj	rejected	body-appearance: slang for long-legged woman
langærmede	adj	rejected	odd-unclear: garments only
lave	adj	rejected	odd-unclear: ambiguous with verb "lave"; "lav" = base/mean
lavvandede	adj	rejected	negative: figuratively shallow
leddelte	adj	rejected	odd-unclear: technical
legemlige	adj	rejected	body-appearance: bodily
letflydende	adj	rejected	odd-unclear: technical
lette	adj	rejected	odd-unclear: reads as assessment 'let sag' = easy/trivial case; homograph of verb lette; 'let (på tråden)' of women = promiscuous (second review)
levende	adj	rejected	death-illness-misfortune: life-status word
lig	adj	rejected	death-illness-misfortune: "lig" = corpse
lige	adj	rejected	odd-unclear: ambiguous (straight/equal/just)
lilla	adj	approved	
lille	adj	approved	
linde	adj	rejected	odd-unclear: archaic/poetic; also a tree name
lineære	adj	rejected	odd-unclear: mathematical jargon
lodrette	adj	rejected	odd-unclear: orientation term, odd on objects; 'lodret løgn/forkert' intensifier (second review)
luftformige	adj	rejected	odd-unclear: physics jargon
lukkede	adj	rejected	odd-unclear: reads as case status ("closed case"); reserved person
lydløse	adj	rejected	odd-unclear: evokes 'den lydløse dræber'; a case gone silent (second review)
lymfatiske	adj	rejected	death-illness-misfortune: medical
lyse	adj	approved	
lyseblå	adj	approved	
lysebrune	adj	rejected	body-appearance: common skin-tone descriptor (second review)
lysegrå	adj	approved	
lysegule	adj	approved	
lyserøde	adj	approved	
læselige	adj	rejected	odd-unclear: only meaningful for text; unclear on most objects, implies others are illegible
løse	adj	rejected	odd-unclear: ambiguous with verb "løse"; "løs" can mean promiscuous
løstsiddende	adj	rejected	odd-unclear: clothing only
løvgrønne	adj	approved	
magelige	adj	rejected	negative: indolent, lazy
magnetiske	adj	rejected	odd-unclear: technical physics property, odd on most objects (second review)
manuelle	adj	rejected	odd-unclear: technical; reads like case-handling mode (manual processing) (second review)
marineblå	adj	approved	
markante	adj	rejected	odd-unclear: abstract; mostly used of facial features or changes (second review)
massive	adj	approved	
matte	adj	rejected	negative: 'mat' = weak/faint/exhausted (second review)
mekaniske	adj	approved	
menneskelige	adj	rejected	odd-unclear: describes humans/human nature; unsettling or unclear on objects
milde	adj	rejected	odd-unclear: mainly temperament, weather or taste; odd on ordinary objects
miljømæssige	adj	rejected	odd-unclear: abstract
modne	adj	rejected	sensitive: maturity/age of people, with a 'modne kvinder' sexual connotation; on objects only fits fruit/cheese
motoriske	adj	rejected	odd-unclear: physiology jargon
muskuløse	adj	rejected	body-appearance: muscular build
målelige	adj	rejected	odd-unclear: technical
mægtige	adj	rejected	odd-unclear: grandiose/archaic on everyday objects; 'mægtig' = powerful (second review)
mætte	adj	rejected	odd-unclear: satiated, odd for a thing
mønstrede	adj	approved	
møre	adj	rejected	negative: also worn out, brittle
mørke	adj	rejected	negative: figuratively dark/gloomy/sinister; skin colour
mørkeblå	adj	approved	
mørkegrå	adj	approved	
mørkegrønne	adj	approved	
mørkhudede	adj	rejected	body-appearance: skin colour
mørkhårede	adj	rejected	body-appearance: hair colour
naive	adj	rejected	negative: naive
nedslidte	adj	rejected	negative: worn-out
nordiske	adj	rejected	sensitive: nationality/region
nuttede	adj	rejected	negative: often condescending/sarcastic ('how cute'); unprofessional (second review)
nysynede	adj	rejected	odd-unclear: rare automotive term
næste	adj	rejected	odd-unclear: "next", not a property
nøgne	adj	rejected	body-appearance: naked
oceaniske	adj	rejected	odd-unclear: geographic term
oliefyrede	adj	rejected	odd-unclear: technical
opdækkede	adj	rejected	odd-unclear: table-setting term
opslidte	adj	rejected	negative: worn out
opsmøgede	adj	rejected	odd-unclear: rolled-up sleeves only
optagne	adj	rejected	odd-unclear: busy/recorded, ambiguous
orale	adj	rejected	body-appearance: oral, sexual connotation
orangegule	adj	approved	
orangerøde	adj	approved	
ordentlige	adj	rejected	negative: judgmental (decent/proper); 'en ordentlig omgang' = a beating (second review)
overfladiske	adj	rejected	negative: superficial
papirstynde	adj	rejected	negative: flimsy
pink	adj	approved	
plane	adj	rejected	odd-unclear: technical; English "plane"
planteædende	adj	rejected	odd-unclear: herbivorous, odd for a thing
praktiske	adj	approved	
puklede	adj	rejected	body-appearance: hunchbacked
refleksfrie	adj	rejected	odd-unclear: technical
regelmæssige	adj	rejected	odd-unclear: abstract for a thing
regnfulde	adj	rejected	odd-unclear: weather term, odd for a thing
rene	adj	rejected	sensitive: 'ren' = drug-free / clean criminal record; purity connotation (second review)
rette	adj	rejected	odd-unclear: ambiguous with verb "rette"
rige	adj	rejected	sensitive: wealth/class
rigelige	adj	rejected	odd-unclear: quantity, odd for a thing
robuste	adj	approved	
rolige	adj	rejected	odd-unclear: describes people's temperament (calm)
rumlige	adj	rejected	odd-unclear: abstract
runde	adj	approved	
rytmiske	adj	rejected	odd-unclear: odd for a thing
rødbrune	adj	approved	
røde	adj	rejected	odd-unclear: traffic-light triage/risk status ('rød sag', 'røde flag'); flushed face; political (second review)
rødmossede	adj	rejected	body-appearance: ruddy complexion
rørte	adj	rejected	odd-unclear: mainly emotionally moved; on objects reads as 'touched/stirred', unclear
sagte	adj	rejected	odd-unclear: adverb, odd for a thing
seismiske	adj	rejected	odd-unclear: technical
sejlklare	adj	rejected	odd-unclear: nautical jargon
sene	adj	rejected	odd-unclear: "late case"; also noun "tendon"
sirlige	adj	rejected	odd-unclear: literary, mainly about handwriting/manners; can imply fussy (second review)
skaldede	adj	rejected	body-appearance: bald
skarpe	adj	rejected	weapons-violence: knives, live ammunition
skifrede	adj	rejected	odd-unclear: geology jargon
skriftlige	adj	rejected	odd-unclear: abstract
skrå	adj	rejected	odd-unclear: orientation term, odd on objects; suggests askew/crooked (second review)
skyede	adj	rejected	odd-unclear: weather term
skyfrie	adj	rejected	odd-unclear: weather term
skællede	adj	rejected	body-appearance: scaly skin
slanke	adj	rejected	body-appearance: body weight
slække	adj	rejected	odd-unclear: nautical, verb-like
smagfulde	adj	approved	
smalle	adj	approved	
smukke	adj	approved	
små	adj	rejected	odd-unclear: plural-only form
småbladede	adj	rejected	odd-unclear: botany jargon
snedækkede	adj	approved	
snefri	adj	rejected	odd-unclear: not a definite form; weather term
snævre	adj	rejected	negative: narrow-minded
solrige	adj	rejected	odd-unclear: places/days only
sortladne	adj	rejected	body-appearance: swarthy complexion
spidse	adj	rejected	negative: also "tipsy", snide
spilleklare	adj	rejected	odd-unclear: sports jargon
spinkle	adj	rejected	body-appearance: frail, slight build
spiredygtige	adj	rejected	odd-unclear: botany jargon
spiselige	adj	rejected	negative: 'spiselig' is common faint praise (just about acceptable); also odd on non-food objects
sportslige	adj	rejected	odd-unclear: odd for a thing
stabile	adj	rejected	death-illness-misfortune: reads like a medical/case status ('stabil tilstand') (second review)
stille	adj	rejected	odd-unclear: 'sagen står stille' = case at a standstill; odd on objects (second review)
stilrene	adj	approved	
store	adj	approved	
stramme	adj	rejected	negative: strict; slang for drunk
stribede	adj	approved	
stærke	adj	approved	
stødte	adj	rejected	negative: offended/bumped/injured
støjsvage	adj	rejected	odd-unclear: technical product term
sultne	adj	rejected	odd-unclear: state of a living being (hungry)
sunde	adj	rejected	death-illness-misfortune: health-status word
sure	adj	rejected	negative: sour/grumpy
svedige	adj	rejected	body-appearance: sweaty
svære	adj	rejected	negative: difficult; also "obese"
synlige	adj	rejected	odd-unclear: bland/odd for a thing
søde	adj	approved	
taktile	adj	rejected	odd-unclear: technical
teglhængte	adj	rejected	odd-unclear: building jargon
tekniske	adj	approved	
teknologiske	adj	rejected	odd-unclear: abstract
telefoniske	adj	rejected	odd-unclear: abstract
ternede	adj	approved	
terrængående	adj	rejected	odd-unclear: vehicles only
tilgrænsende	adj	rejected	odd-unclear: relational
tilrøgede	adj	rejected	negative: smoke-filled
tolerable	adj	rejected	negative: merely tolerable; medical
tolerante	adj	rejected	odd-unclear: person trait, odd for a thing
tomme	adj	rejected	odd-unclear: "empty case"; also vacuous
transparente	adj	rejected	odd-unclear: technical loanword
travle	adj	rejected	odd-unclear: odd for a thing
trådløse	adj	rejected	odd-unclear: technical; only fits electronic devices (second review)
tunge	adj	rejected	body-appearance: heavy; noun "tongue"
turkise	adj	approved	
turkisgrønne	adj	approved	
tydelige	adj	rejected	odd-unclear: perceptual/abstract quality (distinct, evident); unclear as a property of a thing
tykke	adj	rejected	body-appearance: fat/thick
tyktflydende	adj	rejected	odd-unclear: technical
tynde	adj	rejected	body-appearance: thin
tætte	adj	rejected	negative: slang for drunk; stocky
tørre	adj	rejected	odd-unclear: ambiguous with verb; dry/boring; sober alcoholic
tørstige	adj	rejected	odd-unclear: state of a living being (thirsty); English slang 'thirsty' is also embarrassing
ubesmykkede	adj	rejected	odd-unclear: rare
ubetydelige	adj	rejected	negative: insignificant
ublandede	adj	rejected	odd-unclear: technical
udadvendte	adj	rejected	odd-unclear: personality trait, odd for a thing
udbredte	adj	rejected	odd-unclear: abstract
udhvilede	adj	rejected	odd-unclear: odd for a thing
ufortrødne	adj	rejected	odd-unclear: character trait (undaunted, tireless)
ujævne	adj	rejected	negative: uneven, poor quality
ungdommelige	adj	rejected	sensitive: age
unge	adj	rejected	sensitive: age
upåklædte	adj	rejected	body-appearance: undressed
urene	adj	rejected	negative: dirty/impure
usoignerede	adj	rejected	negative: unkempt
usynlige	adj	rejected	odd-unclear: odd; ignored/overlooked tone
usårlige	adj	rejected	odd-unclear: invulnerable, wound reference
vandrette	adj	rejected	odd-unclear: geometric term; misreadable as 'vandrede' (wandered) (second review)
vandrige	adj	rejected	odd-unclear: geographic
vandtætte	adj	rejected	odd-unclear: stock legal phrase 'vandtæt alibi/bevis/sag' = watertight case; reads as an assessment in legal/case systems (second review)
varme	adj	rejected	sensitive: 'varm' = sexually aroused ('varm på'), dated derogatory slang for gay, and feverish; doubt rule applies despite physical sense dominating (second review)
velduftende	adj	approved	
velklædte	adj	rejected	odd-unclear: describes people, used for Case
velsmagende	adj	rejected	odd-unclear: food only
venlige	adj	rejected	odd-unclear: person trait, odd for a thing
vide	adj	rejected	odd-unclear: ambiguous with verb "vide"
violblå	adj	approved	
vissengrønne	adj	rejected	negative: withered/sickly green
vokale	adj	rejected	odd-unclear: odd for a thing
voksne	adj	rejected	sensitive: age of people; 'voksen' also connotes adult content
vågne	adj	rejected	odd-unclear: state of a living being (awake)
ydmyge	adj	rejected	negative: verb "ydmyge" = humiliate
ydre	adj	rejected	odd-unclear: abstract
åbne	adj	rejected	odd-unclear: reads as case status; verb "åbne"
ægte	adj	rejected	sensitive: implies an authenticity judgement (fraud context); 'ægte/uægte barn' (second review)
økologiske	adj	rejected	odd-unclear: only fits food/farming; odd on other things (second review)
østlige	adj	rejected	sensitive: region/political
absorberende	part	rejected	body-appearance: mostly diaper/incontinence/sanitary product language
adskillende	part	rejected	odd-unclear: abstract (separating)
afbrydende	part	rejected	odd-unclear: abstract/technical (interrupting)
afbøjende	part	rejected	odd-unclear: technical (deflecting)
afdækkende	part	rejected	odd-unclear: abstract (covering/revealing)
affyrende	part	rejected	weapons-violence: firing weapons
afgrænsende	part	rejected	odd-unclear: abstract (delimiting)
afgående	part	rejected	odd-unclear: status-like (outgoing/departing); euphemism for dying
afkølende	part	rejected	odd-unclear: an effect, not something a thing visibly does; reads as product/medical (cooling gel for burns/fever); odd before most objects (afkølende lampe) (second review)
aflejrende	part	rejected	odd-unclear: technical (depositing sediment)
afløsende	part	rejected	odd-unclear: HR/status reading (substitute, relieving)
afmærkende	part	rejected	odd-unclear: technical/administrative (marking)
afrejsende	part	rejected	odd-unclear: describes people; status-like (departing)
afsluttende	part	rejected	odd-unclear: case-status reading (concluding)
afspillende	part	rejected	odd-unclear: odd on objects (playing back media)
afvisende	part	rejected	negative: rejecting, dismissive
anbringende	part	rejected	odd-unclear: legal/social-services term (plea; child placement)
anholdende	part	rejected	odd-unclear: police/legal term (arresting)
ankommende	part	rejected	odd-unclear: status-like (arriving)
anlæggende	part	rejected	odd-unclear: legal reading (anlægge sag = file a lawsuit)
arbejdende	part	rejected	odd-unclear: person/HR status; class reading (den arbejdende klasse)
arresterende	part	rejected	odd-unclear: police/legal term (arresting)
askende	part	rejected	odd-unclear: obscure; smoking/ash connotation
avancerende	part	rejected	odd-unclear: abstract/career reading (advancing)
badende	part	rejected	body-appearance: bathing people, nudity reading
bagende	part	rejected	odd-unclear: odd on objects; mainly 'scorching sun' or people baking
balancerende	part	approved	
balsamerende	part	rejected	death-illness-misfortune: embalming corpses
bankende	part	rejected	weapons-violence: beating someone up; also pounding heart/noise
baserende	part	rejected	odd-unclear: abstract (basing)
beflyvende	part	rejected	odd-unclear: technical aviation term
begravende	part	rejected	death-illness-misfortune: burying, funerals
begyndende	part	rejected	odd-unclear: status-like (beginning); 'begyndende demens' collocation
begående	part	rejected	negative: committing crimes
behandlende	part	rejected	odd-unclear: case/medical term (behandlende læge/sagsbehandler)
berigende	part	rejected	odd-unclear: abstract (enriching)
berørende	part	rejected	body-appearance: touching bodies; also 'emotionally affecting'
beskuende	part	rejected	odd-unclear: describes people only (contemplating)
bestående	part	rejected	odd-unclear: status-like (existing; passed exam)
besvimende	part	rejected	death-illness-misfortune: fainting, medical
besøgende	part	rejected	odd-unclear: describes people (visitor)
betragtende	part	rejected	odd-unclear: describes people only (observing)
bevægende	part	rejected	odd-unclear: mainly emotional 'moving/touching'; odd on objects
bidende	part	rejected	negative: biting; harsh cold/sarcasm
bindende	part	rejected	odd-unclear: legal reading (binding agreement)
bladrende	part	rejected	odd-unclear: person action (leafing through pages)
blafrende	part	approved	
blinkende	part	approved	
blivende	part	rejected	odd-unclear: odd form, abstract (lasting)
blokerende	part	rejected	negative: blocking, obstructing
blomstrende	part	approved	
blundende	part	rejected	odd-unclear: describes people/animals only (dozing)
blændende	part	rejected	negative: blinding glare; blænde = blind someone
blæsende	part	rejected	negative: 'blæse på'/'blæsende ligeglad' = couldn't care less; otherwise a weather word, odd before objects (second review)
boende	part	rejected	odd-unclear: person/status reading (residing)
boksende	part	rejected	weapons-violence: boxing, hitting
borende	part	rejected	negative: drilling noise; 'borende smerte' (drilling pain)
bosættende	part	rejected	sensitive: settlers/settling, political reading
bowlende	part	rejected	odd-unclear: describes people only (bowling)
bredende	part	rejected	odd-unclear: odd form (spreading, e.g. disease)
bremsende	part	rejected	odd-unclear: abstract/obstructive (braking, holding back)
bringende	part	rejected	odd-unclear: abstract, odd alone (bringing)
broderende	part	rejected	odd-unclear: describes people only (embroidering)
brydende	part	rejected	negative: breaking; law-breaking
brændende	part	rejected	negative: fire danger
brølende	part	rejected	negative: roaring noise
bukkende	part	rejected	odd-unclear: describes people only (bowing)
byggende	part	rejected	odd-unclear: describes people only (building)
bærende	part	rejected	odd-unclear: technical/abstract (load-bearing); pregnancy reading
bødende	part	rejected	odd-unclear: obscure; fine/penance reading (bøde)
bøjende	part	rejected	odd-unclear: odd on objects; also grammatical inflection
børstende	part	rejected	odd-unclear: person hygiene action (brushing)
changerende	part	rejected	odd-unclear: rare/obscure; readers may take it as 'changing'
cirkulerende	part	rejected	odd-unclear: document/case-status reading (circulating)
cyklende	part	rejected	odd-unclear: describes people only (cycling)
dalende	part	rejected	negative: declining, falling
dannende	part	rejected	odd-unclear: abstract (forming, educating)
dansende	part	approved	
dekorerende	part	rejected	odd-unclear: person action, odd on objects (decorating)
delende	part	rejected	odd-unclear: abstract (sharing/dividing)
deltagende	part	rejected	odd-unclear: describes people (participating, sympathetic)
designende	part	rejected	odd-unclear: describes people only (designing)
donerende	part	rejected	odd-unclear: describes people; organ/medical donation reading
downloadende	part	rejected	odd-unclear: technical/status-like (downloading)
drejende	part	approved	
driftende	part	rejected	odd-unclear: technical (operating) or car drifting
drikkende	part	rejected	death-illness-misfortune: drinking alcohol, addiction
druknende	part	rejected	death-illness-misfortune: drowning
dryppende	part	rejected	negative: dripping, leaking
dunkende	part	rejected	negative: thumping noise; throbbing headache
dykkende	part	rejected	negative: plummeting (prices/results) reading; odd on most objects
dyrkende	part	rejected	odd-unclear: person action (cultivating; dyrke sex/motion)
dækkende	part	rejected	odd-unclear: abstract (covering, adequate)
efterladende	part	rejected	death-illness-misfortune: leaving behind; bereaved (efterladte) reading
eftersøgende	part	rejected	odd-unclear: police/legal term (searching for wanted persons)
eksisterende	part	rejected	odd-unclear: status-like (existing)
ekspederende	part	rejected	odd-unclear: administrative (dispatching/serving)
endende	part	rejected	odd-unclear: status-like (ending)
erstattende	part	rejected	odd-unclear: legal/compensation reading (replacing)
etablerende	part	rejected	odd-unclear: abstract (establishing)
fabrikerende	part	rejected	negative: fabricating lies/evidence
faldende	part	rejected	negative: falling, declining; fallen in war
falmende	part	rejected	negative: fading, decay
famlende	part	rejected	negative: fumbling, clumsy
fangende	part	rejected	odd-unclear: capture/prisoner reading
farende	part	rejected	odd-unclear: odd/archaic (rushing; farende svend)
farserende	part	rejected	odd-unclear: odd food-prep term (stuffing meat)
fastgørende	part	rejected	odd-unclear: technical (fastening)
fedende	part	rejected	body-appearance: fattening, weight
fejrende	part	rejected	odd-unclear: describes people only (celebrating)
ferierende	part	rejected	odd-unclear: people/HR status (on vacation)
festende	part	rejected	odd-unclear: describes people; partying/alcohol
filmende	part	rejected	odd-unclear: person action; surveillance reading
firende	part	rejected	odd-unclear: obscure (lowering by rope; giving in)
fiskende	part	rejected	odd-unclear: describes people/animals (fishing)
fjedrende	part	approved	
fjernende	part	rejected	odd-unclear: abstract (removing)
flydende	part	rejected	odd-unclear: mainly reads 'liquid'/'fluent'; 'det flyder' = messy
flyttende	part	rejected	odd-unclear: people/status reading (relocating)
flyvende	part	approved	
flådende	part	rejected	odd-unclear: obscure; sounds like flå (skin)
fløjtende	part	approved	
fnisende	part	rejected	odd-unclear: describes people only (giggling)
fodrende	part	rejected	odd-unclear: describes people only (feeding)
foldende	part	rejected	odd-unclear: odd form for objects (folding)
forbindende	part	rejected	odd-unclear: abstract (connecting)
forbrugende	part	rejected	odd-unclear: abstract/economic (consuming)
fordampende	part	rejected	odd-unclear: odd (evaporating, vanishing)
fordelende	part	rejected	odd-unclear: abstract (distributing)
foregående	part	rejected	odd-unclear: status/temporal (previous)
forekommende	part	rejected	odd-unclear: abstract (occurring)
forestående	part	rejected	odd-unclear: status-like (upcoming)
forfaldende	part	rejected	negative: decaying; payment falling due
forfølgende	part	rejected	negative: persecuting/stalking
forhøjende	part	rejected	odd-unclear: abstract (raising)
forlæggende	part	rejected	odd-unclear: odd (misplacing, relocating)
formende	part	rejected	body-appearance: body-shaping (formende undertøj)
formgivende	part	rejected	odd-unclear: abstract (designing)
forpurrende	part	rejected	negative: thwarting
forseglende	part	rejected	odd-unclear: legal reading (sealing)
forstuvende	part	rejected	death-illness-misfortune: spraining, injury
forsvarende	part	rejected	odd-unclear: legal defence/military reading
forsvindende	part	rejected	negative: vanishing; missing-person reading
forsålende	part	rejected	odd-unclear: obscure (resoling shoes)
fortsættende	part	rejected	odd-unclear: status-like (continuing)
fortøjende	part	rejected	odd-unclear: technical (mooring)
forudgående	part	rejected	odd-unclear: status/temporal (preceding)
forulykkende	part	rejected	death-illness-misfortune: having an accident
fostrende	part	rejected	odd-unclear: abstract; foster/fetus association
frembrydende	part	rejected	odd-unclear: abstract/literary (breaking forth)
fremkaldende	part	rejected	odd-unclear: provoking/inducing (e.g. vomiting); photo developing
fremrykkende	part	rejected	odd-unclear: military advance or rescheduling reading
fremstående	part	rejected	body-appearance: protruding body features (teeth, cheekbones)
fremtrædende	part	rejected	odd-unclear: describes people (prominent)
frysende	part	rejected	negative: freezing, feeling cold
fråsende	part	rejected	negative: gorging, gluttony
fugtende	part	rejected	body-appearance: moisturizing skin, hygiene
fungerende	part	rejected	odd-unclear: HR status (acting manager)
fyldende	part	rejected	odd-unclear: odd (filling)
fyrende	part	rejected	weapons-violence: firing guns; also firing employees
fående	part	rejected	odd-unclear: odd form (getting)
fældende	part	rejected	odd-unclear: legal reading (fælde dom); shedding
fængende	part	rejected	odd-unclear: abstract 'catchy' or catching fire
fængslende	part	rejected	odd-unclear: imprisoning reading in legal context
fødende	part	rejected	body-appearance: giving birth
følende	part	rejected	odd-unclear: describes people only (feeling)
følgende	part	rejected	odd-unclear: abstract (following)
førende	part	rejected	odd-unclear: abstract (leading)
gabende	part	rejected	negative: gaping hole; yawning
gelejdende	part	rejected	odd-unclear: obscure (escorting)
gemmende	part	rejected	odd-unclear: odd (hiding/saving)
genererende	part	rejected	odd-unclear: technical (generating)
gengivende	part	rejected	odd-unclear: abstract (reproducing)
genlydende	part	rejected	odd-unclear: literary/rare (resounding)
gennende	part	rejected	odd-unclear: odd (herding)
genoplivende	part	rejected	death-illness-misfortune: resuscitation, medical emergency
genskabende	part	rejected	odd-unclear: abstract (recreating)
glidende	part	rejected	negative: case reading 'lade sagen glide' = let it slide/neglect; slipping sense (sentiment -1); lubricant association (glidecreme) (second review)
glippende	part	rejected	negative: failing, slipping
glødende	part	rejected	negative: red-hot = burn/fire hazard on an object; intensifier in 'glødende had/vrede' (second review)
gnidende	part	rejected	body-appearance: rubbing, bodily reading
gravende	part	rejected	odd-unclear: people/animal action; graves
gribende	part	rejected	odd-unclear: mainly emotional 'moving'; grabbing
gryntende	part	rejected	negative: grunting
græssende	part	rejected	odd-unclear: describes animals only (grazing)
gyngende	part	rejected	negative: 'på gyngende grund' = on shaky ground, reads as a weak/uncertain case; swaying-hips body reading (second review)
gående	part	rejected	odd-unclear: describes people only (walking)
gødende	part	rejected	odd-unclear: odd (fertilizing, manure)
gøende	part	rejected	odd-unclear: barking; animal-only verb, noise, odd on objects
gørende	part	rejected	odd-unclear: only used inside compounds; odd alone
hamrende	part	rejected	odd-unclear: slang intensifier ('hamrende fuld'); hammering noise
hastende	part	rejected	odd-unclear: reads like case urgency status ('hastende sag')
havende	part	rejected	odd-unclear: having; abstract, odd
havnende	part	rejected	odd-unclear: ending up somewhere; odd
heksende	part	rejected	sensitive: witchcraft/occult reading
helbredende	part	rejected	death-illness-misfortune: healing; medical/illness connotation
helende	part	rejected	death-illness-misfortune: healing; medical/illness connotation
hentende	part	rejected	odd-unclear: fetching; odd on objects
holdende	part	rejected	odd-unclear: holding; mainly compound-only, odd
hoppende	part	approved	
hostende	part	rejected	death-illness-misfortune: coughing; illness
huggende	part	rejected	weapons-violence: chopping/hacking; violent reading
huskende	part	rejected	odd-unclear: remembering; people-only mental verb
hvidtende	part	rejected	odd-unclear: whitewashing; activity verb, odd on objects
hvilende	part	rejected	odd-unclear: reads like case/business status (dormant, 'hvilende sag')
hviskende	part	rejected	odd-unclear: people verb; can suggest gossip/secrets
hæftende	part	rejected	odd-unclear: legal liability reading ('hæftende')
hældende	part	rejected	odd-unclear: pouring/tilting; ambiguous, also drinking idiom
hændende	part	rejected	odd-unclear: happening; abstract
hængende	part	rejected	death-illness-misfortune: hanging connotation; also reads like stalled/pending case
hørende	part	rejected	odd-unclear: hearing; also legal hearing/belonging; odd
høstende	part	rejected	odd-unclear: harvesting; people activity
høvlende	part	rejected	odd-unclear: planing wood; technical, odd
iagttagende	part	rejected	odd-unclear: observing; people/surveillance reading
iførende	part	rejected	odd-unclear: putting on clothes; odd
ilende	part	rejected	odd-unclear: hurrying; literary, implies urgency
indbringende	part	rejected	odd-unclear: lucrative / bringing a case before a board; legal-financial
inddelende	part	rejected	odd-unclear: dividing; abstract
indeholdende	part	rejected	odd-unclear: containing; technical/abstract
indfarvende	part	rejected	odd-unclear: dyeing; technical
indhentende	part	rejected	odd-unclear: obtaining information; case-procedure reading
indlæggende	part	rejected	death-illness-misfortune: hospital admission reading
indrammende	part	rejected	odd-unclear: framing; also framing someone for a crime
indrettende	part	rejected	odd-unclear: furnishing; odd
indskydende	part	rejected	odd-unclear: interjecting; odd
indspillende	part	rejected	odd-unclear: recording; odd
indstillende	part	rejected	odd-unclear: recommending to a board; case-procedure reading
indsættende	part	rejected	odd-unclear: inserting/depositing/installing; odd
indtagende	part	rejected	odd-unclear: charming/ingesting/conquering; ambiguous
indvandrende	part	rejected	sensitive: immigrating; ethnicity/migration politics
inklinerende	part	rejected	odd-unclear: inclining; obscure/abstract
isolerende	part	rejected	negative: social isolation reading
jagende	part	rejected	negative: hunting/chasing; 'jagende smerte' (stabbing pain)
kantende	part	rejected	odd-unclear: edging; technical, odd
kastende	part	rejected	odd-unclear: throwing; odd, can imply violence
kiggende	part	rejected	odd-unclear: looking; people verb, peeping reading
klappende	part	rejected	odd-unclear: clapping; people verb
klaprende	part	approved	
klarende	part	rejected	odd-unclear: 'klarende samtale'; case-procedure reading
klingende	part	approved	
klippende	part	rejected	odd-unclear: cutting; odd
knirkende	part	rejected	negative: creaking; wear/noise nuisance
knusende	part	rejected	negative: crushing; destruction, 'knusende nederlag'
knækkende	part	rejected	negative: breaking; damage
knælende	part	rejected	odd-unclear: kneeling; people verb, prayer/submission
kogende	part	rejected	negative: boiling; scalding danger, 'kogende raseri'
komponerende	part	rejected	odd-unclear: composing; people verb
korroderende	part	rejected	negative: corroding; decay
kortlæggende	part	rejected	odd-unclear: mapping/surveying; case-assessment reading
kreerende	part	rejected	odd-unclear: creating; people verb
kronende	part	rejected	odd-unclear: crowning; royalty, odd
krybende	part	rejected	negative: crawling/creeping; sycophantic, creepy
kulminerende	part	rejected	odd-unclear: culminating; abstract
kvælende	part	rejected	weapons-violence: strangling/suffocating
kyssende	part	rejected	body-appearance: kissing; intimate/bodily
kælende	part	rejected	body-appearance: caressing; intimate/bodily
kæmpende	part	rejected	weapons-violence: fighting/combat
kørende	part	rejected	odd-unclear: reads like case status ('kørende sag')
ladende	part	rejected	odd-unclear: loading/charging/letting; ambiguous
landende	part	rejected	odd-unclear: landing; odd on most objects, 'lande en sag'
lastende	part	rejected	odd-unclear: loading/blaming; ambiguous
lavende	part	rejected	odd-unclear: making; abstract, odd
leddelende	part	rejected	odd-unclear: articulating/jointing; technical
ledende	part	rejected	odd-unclear: managerial HR reading ('ledende medarbejder'); conductive
legerende	part	rejected	odd-unclear: alloying; technical
lettende	part	rejected	odd-unclear: taking off/relieving; odd
levende	part	rejected	odd-unclear: alive/dead status reading; odd on objects
levnende	part	rejected	odd-unclear: leaving behind; odd
liggende	part	rejected	odd-unclear: lying; reads like idle case, person lying down
limende	part	rejected	odd-unclear: gluing; odd
listende	part	rejected	negative: sneaking
loddende	part	rejected	odd-unclear: soldering/sounding; technical
lugtende	part	rejected	negative: smelling bad
lukkende	part	rejected	odd-unclear: closing; case-status reading
lydende	part	rejected	odd-unclear: legal 'lydende på'; odd
lysende	part	approved	
lånende	part	rejected	odd-unclear: borrowing; financial, odd
læggende	part	rejected	odd-unclear: laying; odd
lækkende	part	rejected	negative: leaking
løbende	part	rejected	odd-unclear: reads like case status ('løbende')
løftende	part	rejected	odd-unclear: lifting; odd
løjende	part	rejected	odd-unclear: abating (wind); obscure
løsnende	part	rejected	odd-unclear: loosening; odd, suggests failure
malende	part	rejected	odd-unclear: painting; people activity, odd
manglende	part	rejected	negative: missing/lacking
marcherende	part	rejected	odd-unclear: marching; people/military verb
markerende	part	rejected	odd-unclear: marking/signalling; abstract
masende	part	rejected	negative: pushing/crowding
miavende	part	rejected	odd-unclear: meowing; animal-only, odd on objects
migrerende	part	rejected	sensitive: migration reading
modnende	part	rejected	odd-unclear: ripening/maturing; odd
modstillende	part	rejected	odd-unclear: contrasting; abstract
modstående	part	rejected	odd-unclear: opposite/opposing party; legal-abstract
motionerende	part	rejected	odd-unclear: exercising; people verb
murende	part	rejected	odd-unclear: bricklaying; odd
måbende	part	rejected	odd-unclear: gaping; people verb
målende	part	rejected	odd-unclear: measuring; technical
mærkende	part	rejected	odd-unclear: feeling/marking; odd
møblerende	part	rejected	odd-unclear: furnishing; odd
mødende	part	rejected	odd-unclear: legal 'mødende part'; odd
mørknende	part	rejected	negative: darkening; gloomy
navigerende	part	rejected	odd-unclear: navigating; odd
nedlæggende	part	rejected	negative: closing down/redundancy, killing game
nikkende	part	rejected	odd-unclear: nodding; people verb
nydende	part	rejected	odd-unclear: enjoying; people verb, sensual reading
nynnende	part	rejected	odd-unclear: humming; people verb
nående	part	rejected	odd-unclear: reaching; odd
nærmende	part	rejected	odd-unclear: reflexive-only verb; odd
obducerende	part	rejected	death-illness-misfortune: performing autopsy
observerende	part	rejected	odd-unclear: observing; surveillance/case reading
omfavnende	part	rejected	body-appearance: embracing; bodily
omringende	part	rejected	odd-unclear: surrounding/encircling; abstract, military
opbevarende	part	rejected	odd-unclear: storing; odd
opdrættende	part	rejected	odd-unclear: breeding; odd
opdæmmende	part	rejected	odd-unclear: damming; odd
opererende	part	rejected	odd-unclear: surgery/military/operational-status readings
opfyldende	part	rejected	odd-unclear: fulfilling (conditions); case reading
opførende	part	rejected	odd-unclear: performing/building; odd
opnående	part	rejected	odd-unclear: achieving; abstract
opskruende	part	rejected	odd-unclear: screwing up; odd
opstående	part	rejected	odd-unclear: arising (problems)/resurrection; odd
optagende	part	rejected	odd-unclear: absorbing/recording/occupied; ambiguous
optrædende	part	rejected	odd-unclear: performing/acting as; people/legal
opvækkende	part	rejected	sensitive: religious revival/resurrection
ordnende	part	rejected	odd-unclear: arranging; abstract
overfaldende	part	rejected	weapons-violence: assaulting
overførende	part	rejected	odd-unclear: transferring; case/disease transfer reading
overgående	part	rejected	odd-unclear: exceeding/transitional; abstract
overlevende	part	rejected	death-illness-misfortune: survivor; death connotation
overvindende	part	rejected	odd-unclear: overcoming; abstract
ovnstegende	part	rejected	odd-unclear: oven-roasting; odd
pacende	part	rejected	odd-unclear: anglicism 'pace'; odd
pakkende	part	rejected	odd-unclear: packing/gripping; odd
panorerende	part	rejected	odd-unclear: panning; technical
parkerende	part	rejected	odd-unclear: 'parkeret sag'; case-status reading
passerende	part	rejected	odd-unclear: passing by; relational, odd as identifier
piskende	part	rejected	weapons-violence: whipping
pjaskende	part	rejected	odd-unclear: childish/sloppy register (pjask, pjasket = wishy-washy); wet splashing odd before most objects (second review)
placerende	part	rejected	odd-unclear: placing; odd
plantende	part	rejected	odd-unclear: planting; people activity
plejende	part	rejected	odd-unclear: care/nursing; social-services reading
plukkende	part	rejected	odd-unclear: picking/fleecing; odd
pressende	part	rejected	negative: pressuring
printende	part	rejected	odd-unclear: printing; tautological/odd
producerende	part	rejected	odd-unclear: producing; industrial/abstract
prydende	part	approved	
prøvende	part	rejected	odd-unclear: trying/testing; legal review reading
pudsende	part	rejected	odd-unclear: polishing/plastering; odd
pulserende	part	rejected	body-appearance: throbbing/pulse; bodily reading like vibrerende
pumpende	part	rejected	body-appearance: pumping; bodily/slang reading
rammende	part	rejected	odd-unclear: hitting/apt; odd
ransagende	part	rejected	odd-unclear: police search; legal reading
raslende	part	approved	
reagerende	part	rejected	odd-unclear: reacting; abstract
reddende	part	rejected	death-illness-misfortune: rescuing; implies emergency
reducerende	part	rejected	odd-unclear: reducing; abstract/cutbacks
regnende	part	rejected	odd-unclear: raining/calculating; odd
rejsende	part	rejected	odd-unclear: traveller (person) / raising a case; odd
rendende	part	rejected	odd-unclear: running around; slangy, odd
rensende	part	rejected	odd-unclear: cleansing; implies dirt, odd
resterende	part	rejected	odd-unclear: remaining; case/amount reading
rettende	part	rejected	odd-unclear: correcting; abstract
returnerende	part	rejected	odd-unclear: returning; status reading
rimende	part	rejected	odd-unclear: rhyming/frosting; odd
ringende	part	approved	
rivende	part	rejected	negative: tearing; 'rivende strøm' danger
rodende	part	rejected	negative: messy/rummaging
roende	part	rejected	odd-unclear: rowing; people activity
rullende	part	approved	
rygende	part	rejected	death-illness-misfortune: smoking; addiction/fire
rykkende	part	rejected	odd-unclear: jerking; also payment reminder ('rykker')
rystende	part	rejected	negative: shaking/shocking
rådnende	part	rejected	negative: rotting
rækkende	part	rejected	odd-unclear: reaching/handing; odd
rørende	part	rejected	odd-unclear: touching/moving; emotional or bodily, odd
rørlæggende	part	rejected	odd-unclear: pipe-laying; technical
samlende	part	rejected	odd-unclear: abstract 'collecting/unifying', odd on an object
scorende	part	rejected	body-appearance: slang for picking someone up sexually; also sports scoring
seende	part	rejected	odd-unclear: 'sighted' contrasts with blind; describes beings, not objects
sejlende	part	rejected	negative: 'det sejler' = chaos, 'lade sagen sejle' = neglect, 'sejlende fuld' = drunk (second review)
sendende	part	rejected	odd-unclear: technical 'transmitting', odd on an object
serverende	part	rejected	odd-unclear: people verb (serving)
siddende	part	rejected	odd-unclear: people posture; 'siddende regering' = incumbent (politics)
sigende	part	rejected	odd-unclear: abstract 'telling/meaningful'
sikrende	part	rejected	odd-unclear: abstract/technical 'securing'
simulerende	part	rejected	odd-unclear: 'simulating', also faking illness
sippende	part	rejected	odd-unclear: people verb (sipping a drink)
skabende	part	rejected	odd-unclear: abstract 'creating'; 'skabe sig' = make a fuss
skaffende	part	rejected	odd-unclear: abstract 'procuring'
skatende	part	rejected	odd-unclear: people verb (skateboarding), anglicism
skeende	part	rejected	odd-unclear: abstract 'happening'
skillende	part	rejected	odd-unclear: abstract 'separating'; divorce reading
skiltende	part	rejected	odd-unclear: 'skilte med' = flaunting, odd
skinnende	part	approved	
skjulende	part	rejected	negative: concealing/hiding, dishonesty reading in legal cases
skrabende	part	rejected	negative: scraping noise, unpleasant
skridende	part	rejected	negative: skidding/slipping; 'skride' = walk out, deadlines slipping
skruende	part	rejected	odd-unclear: 'screwing', odd on an object
skrående	part	rejected	odd-unclear: static tilt reads as crooked/defective (skrående bord, skrående hylde); faint 'skråplan' (going astray) echo (second review)
skummende	part	rejected	negative: foaming suggests overflow/malfunction; 'skummende af raseri'
skydende	part	rejected	weapons-violence: shooting
skyllende	part	rejected	odd-unclear: flushing/rinsing, toilet association
skålende	part	rejected	odd-unclear: people verb, toasting with alcohol
skærende	part	rejected	negative: cutting; 'skærende lyd' = piercing noise
skøjtende	part	rejected	odd-unclear: people verb (skating); 'skøjte hen over' = gloss over
slagtende	part	rejected	weapons-violence: slaughtering
slentrende	part	rejected	odd-unclear: people verb (strolling)
slettende	part	rejected	odd-unclear: 'deleting' reads as a record operation
slibende	part	rejected	negative: grinding/abrasive, noise; abrasive personality
slidende	part	rejected	negative: wearing out, toiling
slippende	part	rejected	odd-unclear: abstract 'letting go/releasing'
slugende	part	rejected	body-appearance: swallowing, bodily
slukkende	part	rejected	odd-unclear: 'switching off/extinguishing', reads as failure or closing
sluttende	part	rejected	odd-unclear: 'ending/concluding' reads as case status
slyngende	part	rejected	odd-unclear: winding is road-only; 'slynge' = hurl/sling
slående	part	rejected	odd-unclear: abstract 'striking'; literal 'hitting' reading
slæbende	part	rejected	odd-unclear: 'slæbende sag' = dragging case, status reading
smagende	part	rejected	odd-unclear: people verb (tasting)
smaskende	part	rejected	negative: noisy lip-smacking, rude
smedende	part	rejected	odd-unclear: people verb; 'smede planer' = plotting
smeltende	part	rejected	negative: melting implies heat damage on most objects
smidende	part	rejected	odd-unclear: 'throwing/shedding', odd
smuldrende	part	rejected	negative: crumbling, decay
smuttende	part	rejected	negative: slipping, accident
smækkende	part	rejected	negative: slamming, noise nuisance
smørende	part	rejected	odd-unclear: smearing; 'smøre' = bribe
sneende	part	rejected	odd-unclear: weather verb, odd on an object
snoende	part	rejected	odd-unclear: describes paths/snakes, odd before objects; 'sno sig (udenom)' = wriggle out/evade, bad in legal/HR context (second review)
snuppende	part	rejected	negative: snatching, theft
snurrende	part	approved	
sovende	part	rejected	odd-unclear: people verb; 'sovende sag' = dormant case (status)
spadserende	part	rejected	odd-unclear: people verb (strolling)
sparkende	part	rejected	weapons-violence: kicking
spilkogende	part	rejected	negative: boiling hot, scalding danger
spillende	part	rejected	odd-unclear: people activity; gambling reading
spindende	part	rejected	odd-unclear: cat purring has sensual overtones; 'spinde rænker' = scheme, spin-doctoring; odd before objects (second review)
spisende	part	rejected	odd-unclear: people verb (eating)
spjættende	part	rejected	body-appearance: jerking/kicking legs, struggling body
spottende	part	rejected	negative: mocking
spredende	part	rejected	odd-unclear: abstract 'spreading', contagion reading
springende	part	rejected	odd-unclear: 'springende punkt' idiom; 'springe' = burst (pipes)
sprøjtende	part	rejected	body-appearance: squirting; bodily/sexual and drug-injection readings
spændende	part	rejected	odd-unclear: evaluative 'exciting', flippant on a sensitive case
stammende	part	rejected	death-illness-misfortune: stuttering (speech impediment); also abstract 'originating'
standsende	part	rejected	odd-unclear: 'stopping/halting' reads as case status
stangende	part	rejected	weapons-violence: butting/goring
stavrende	part	rejected	odd-unclear: people verb (tottering)
stemmende	part	rejected	sensitive: voting, politics
stemplende	part	rejected	odd-unclear: stamping/branding someone; clocking in (HR)
stigende	part	rejected	odd-unclear: abstract trend 'rising' (prices, numbers)
stikkende	part	rejected	negative: stinging/prickly; 'stikke' = snitch
stillende	part	rejected	odd-unclear: 'soothing/sedating' (stillende middel), odd
stimulerende	part	rejected	body-appearance: stimulating, drug/sexual readings
stivnende	part	rejected	negative: stiffening, frozen with fear, rigor
stoppende	part	rejected	odd-unclear: 'stopping' reads as status; constipating
stormende	part	rejected	negative: stormy/turbulent; storming = assault
strammende	part	rejected	odd-unclear: 'tightening', odd
strejfende	part	rejected	odd-unclear: roaming/stray, odd
strikkende	part	rejected	odd-unclear: people verb (knitting)
strålende	part	approved	
strækkende	part	rejected	odd-unclear: stretching, people/body action
strøende	part	rejected	odd-unclear: 'strewing', odd
strømmende	part	rejected	odd-unclear: describes liquids; on objects reads as leaking
stuvende	part	rejected	odd-unclear: stewing/stowing, odd
stående	part	rejected	odd-unclear: adds nothing to most objects and reads as case status (pending/stalled, 'sagen står stille'); 'stå' slang for erection (second review)
stødende	part	rejected	negative: 'stødende' = offensive
størknende	part	rejected	negative: congealing/clotting (blood)
støttende	part	rejected	odd-unclear: social-support term, confusing in social-services cases
støvende	part	rejected	negative: dusty, dirt
sugende	part	rejected	body-appearance: sucking, sexual reading
summende	part	approved	
surfende	part	rejected	odd-unclear: people verb (surfing)
svedende	part	rejected	body-appearance: sweating
svingende	part	rejected	negative: fluctuating/unstable ('svingende kvalitet'); swinger reading
svævende	part	rejected	negative: 'sagen svæver' = undecided case; 'svævende svar' = vague/evasive; spaced-out sense (sentiment -1) (second review)
svømmende	part	rejected	odd-unclear: people/animal verb; 'svømme i' = overwhelmed
syende	part	rejected	odd-unclear: people verb (sewing)
syngende	part	approved	
synkende	part	rejected	negative: sinking
sående	part	rejected	odd-unclear: people verb (sowing)
sælgende	part	rejected	odd-unclear: 'selling', salesy/pushy
sænkende	part	rejected	odd-unclear: 'lowering', odd
sættende	part	rejected	odd-unclear: 'setting/putting', odd
tabende	part	rejected	negative: losing
tagende	part	rejected	odd-unclear: 'taking', odd
takkende	part	rejected	odd-unclear: people verb (thanking)
tappende	part	rejected	negative: draining ('tappe for kræfter')
tastende	part	rejected	odd-unclear: people verb (typing/fumbling)
tatoverende	part	rejected	body-appearance: tattooing, body
tegnende	part	rejected	odd-unclear: people verb; legal 'signing'
tiende	part	rejected	odd-unclear: 'keeping silent'; homograph of 'tenth/tithe'
tildækkende	part	rejected	odd-unclear: 'covering/veiling', odd
tilfaldende	part	rejected	odd-unclear: legal 'accruing' (inheritance)
tilladende	part	rejected	odd-unclear: abstract/legal 'permitting'
tilsluttende	part	rejected	odd-unclear: abstract/technical 'connecting/joining'
tjenende	part	rejected	sensitive: servant/servitude, class connotation
tolererende	part	rejected	odd-unclear: abstract mental 'tolerating'
tordnende	part	rejected	negative: thundering noise, angry
trampende	part	rejected	negative: stomping, noise nuisance
traskende	part	rejected	odd-unclear: people verb (trudging)
trippende	part	rejected	odd-unclear: people verb (impatient steps); drug 'tripping'
trykkende	part	rejected	negative: oppressive ('trykkende stemning')
trædende	part	rejected	odd-unclear: 'stepping/treading', odd
trænende	part	rejected	odd-unclear: people verb (training)
trængende	part	rejected	sensitive: 'de trængende' = the needy, social class
turnerende	part	rejected	odd-unclear: people verb (touring band)
tvingende	part	rejected	negative: forcing/coercion
tømmende	part	rejected	odd-unclear: 'emptying', odd
udarbejdende	part	rejected	odd-unclear: abstract 'preparing/drafting'
udbedrende	part	rejected	odd-unclear: technical 'repairing'
udbringende	part	rejected	odd-unclear: 'delivering/proposing a toast', odd
udbærende	part	rejected	odd-unclear: 'delivering (mail)', odd
uddykkende	part	rejected	odd-unclear: unclear verb, odd
udfyldende	part	rejected	odd-unclear: 'filling in (forms)', case-processing reading
udgående	part	rejected	odd-unclear: 'outgoing/discontinued', status reading
udkommende	part	rejected	odd-unclear: 'being published', status reading
udlignende	part	rejected	odd-unclear: abstract 'equalizing'
udnyttende	part	rejected	negative: exploiting
udrykkende	part	rejected	odd-unclear: emergency call-out, odd/alarming
udsendende	part	rejected	odd-unclear: 'broadcasting/dispatching'; deployed soldiers
udskiftende	part	rejected	odd-unclear: abstract 'replacing'
udskillende	part	rejected	body-appearance: secreting bodily fluids
udsmidende	part	rejected	negative: throwing out/evicting
udstemplende	part	rejected	odd-unclear: unclear 'stamping out', odd
udsættende	part	rejected	odd-unclear: postponing/eviction, case-status reading
udvandrende	part	rejected	sensitive: emigrating, migration
udviklende	part	rejected	odd-unclear: abstract 'developing/educational'
udvindende	part	rejected	odd-unclear: technical 'extracting'
udvisende	part	rejected	sensitive: 'udvise' = deport/expel
undersøgende	part	rejected	odd-unclear: 'investigating', case-status reading
undfangende	part	rejected	body-appearance: conceiving, pregnancy
undgående	part	rejected	odd-unclear: abstract 'avoiding'
vandende	part	rejected	odd-unclear: people verb (watering); watery eyes
varende	part	rejected	odd-unclear: abstract 'lasting', time/status
vaskende	part	rejected	odd-unclear: people verb (washing)
vejende	part	rejected	odd-unclear: abstract 'weighing' ('vejende argument')
vekslende	part	rejected	odd-unclear: 'alternating/mixed', modifies abstract nouns
vendende	part	rejected	odd-unclear: 'turning', odd
ventende	part	rejected	odd-unclear: 'waiting' reads as case status
viftende	part	approved	
vigende	part	rejected	negative: retreating/declining ('vigende salg')
viklende	part	rejected	odd-unclear: 'wrapping/entangling', odd
vindende	part	rejected	odd-unclear: 'winning' reads as case outcome in legal systems
vinkende	part	rejected	odd-unclear: people gesture (waving hello)
vippende	part	rejected	odd-unclear: wobbly/tipping; 'vippe regeringen' (topple)
visende	part	rejected	odd-unclear: abstract 'showing'
voksende	part	rejected	odd-unclear: abstract 'growing' ('voksende problem'); growth/tumour
vraltende	part	rejected	body-appearance: waddling, mocks body shape
vrimlende	part	rejected	negative: teeming/swarming, infestation
vristende	part	rejected	negative: wrenching away, snatching
vuggende	part	rejected	body-appearance: 'vuggende hofter' sensual reading; 'vugge i falsk tryghed' = lull/deceive; cradle/infant association in welfare cases (second review)
vågnende	part	rejected	odd-unclear: people verb (waking up)
vækkende	part	rejected	odd-unclear: 'waking/arousing', odd
væltende	part	rejected	negative: toppling/overturning
værende	part	rejected	odd-unclear: abstract 'being'
væskende	part	rejected	body-appearance: oozing (wound)
vævende	part	rejected	odd-unclear: weaving; 'væve' = ramble/talk nonsense
åbnende	part	rejected	odd-unclear: 'opening' reads as case status
åndende	part	rejected	odd-unclear: breathing, living-being verb
åreladende	part	rejected	death-illness-misfortune: bloodletting, medical
øjende	part	rejected	odd-unclear: people verb (eyeing)
øjnende	part	rejected	odd-unclear: people verb (spotting)
accelerator	sb	rejected	odd-unclear: technical (particle accelerator / throttle)
accessoires	sb	rejected	odd-unclear: French plural spelling, collective
adskillelse	sb	rejected	odd-unclear: abstract; also separation/divorce sense
afbryder	sb	rejected	odd-unclear: technical electrical switch; also 'interrupter'
afgrøde	sb	rejected	odd-unclear: agricultural mass noun, not a discrete everyday thing
afsnit	sb	rejected	odd-unclear: abstract (section/episode); also hospital ward
afspiller	sb	approved	
aftenskole	sb	approved	
aftensmad	sb	approved	
agterparti	sb	rejected	body-appearance: slang for buttocks; ship part
agurk	sb	approved	
ajlebeholder	sb	rejected	body-appearance: liquid manure container
akkordeon	sb	approved	
akvarie	sb	approved	
alarmsystem	sb	rejected	odd-unclear: technical system; alarm/burglary connotation
album	sb	approved	
alkohol	sb	rejected	death-illness-misfortune: alcohol/addiction association
alkometer	sb	rejected	weapons-violence: police drunk-driving test device
altangang	sb	rejected	odd-unclear: rare architectural term
alter	sb	rejected	sensitive: religious object
ambulance	sb	rejected	death-illness-misfortune: accidents/emergency
ambulatorie	sb	rejected	death-illness-misfortune: outpatient clinic
ammunition	sb	rejected	weapons-violence: ammunition
amtshospital	sb	rejected	death-illness-misfortune: hospital; also archaic
and	sb	approved	
andelsbolig	sb	rejected	odd-unclear: legal/economic housing form, not an everyday thing
androide	sb	rejected	odd-unclear: sci-fi/technical, not everyday
anhænger	sb	approved	
anhængertræk	sb	rejected	odd-unclear: technical vehicle part
anker	sb	approved	
anlæg	sb	rejected	odd-unclear: highly ambiguous (plant, stereo, park, predisposition)
antenne	sb	approved	
apotek	sb	rejected	death-illness-misfortune: medicine/illness association
apparat	sb	rejected	odd-unclear: vague; also 'apparatet' = bureaucratic machinery/the system (second review)
appelsin	sb	approved	
arbejde	sb	rejected	odd-unclear: abstract, confusing in a work-case context
arbejdsbord	sb	approved	
arbejdsplads	sb	rejected	odd-unclear: abstract/institutional
arbejdsrum	sb	approved	
arbejdssted	sb	rejected	odd-unclear: abstract/administrative
arena	sb	approved	
arkiv	sb	rejected	odd-unclear: confusing in case handling (archived case)
armbåndsur	sb	approved	
arsenal	sb	rejected	weapons-violence: weapons stockpile
artilleri	sb	rejected	weapons-violence: military artillery
atelier	sb	approved	
atomreaktor	sb	rejected	odd-unclear: technical; nuclear accident connotation
atomvåben	sb	rejected	weapons-violence: nuclear weapon
audio	sb	rejected	odd-unclear: English term, not a concrete Danish noun
autocamper	sb	approved	
automat	sb	rejected	death-illness-misfortune: commonly short for spilleautomat (slot machine, gambling); also automatic weapon (second review)
babymad	sb	rejected	negative: idiom 'det er babymad' = trivial, belittles the case
babyudstyr	sb	rejected	odd-unclear: collective term, not a single thing
bacon	sb	rejected	sensitive: pork product (religious dietary sensitivity)
badekar	sb	rejected	body-appearance: bathroom/hygiene item, nudity
badested	sb	approved	
badetøj	sb	rejected	body-appearance: swimwear, body exposure
badevægt	sb	rejected	body-appearance: body weight
badeværelse	sb	rejected	body-appearance: bathroom/toilet
bag	sb	rejected	body-appearance: buttocks
bagagerum	sb	rejected	odd-unclear: vehicle part rather than standalone thing
bagdel	sb	rejected	body-appearance: buttocks
bagkrop	sb	rejected	body-appearance: rear body (animal/vehicle)
bagperron	sb	rejected	odd-unclear: archaic vehicle part
bagsmæk	sb	rejected	odd-unclear: vehicle part; 'smæk bagi' innuendo
bagværk	sb	approved	
bakke	sb	approved	
balje	sb	rejected	body-appearance: colloquial for backside ('et spark i baljen') (second review)
balkon	sb	rejected	body-appearance: well-known slang for a large bust (second review)
ballon	sb	approved	
banan	sb	rejected	body-appearance: phallic innuendo; also associated with racist abuse of Black players (second review)
banegårdshal	sb	approved	
bank	sb	rejected	negative: also 'a beating' (få bank)
bar	sb	rejected	odd-unclear: ambiguous (pub/alcohol, pressure unit, adj. 'naked')
barbergrej	sb	rejected	body-appearance: shaving/hygiene items
barnekammer	sb	rejected	odd-unclear: old-fashioned
barnevogn	sb	approved	
barometer	sb	approved	
barre	sb	rejected	odd-unclear: rare (ballet bar / ingot)
basis	sb	rejected	odd-unclear: abstract
bassin	sb	approved	
batteri	sb	approved	
beboelse	sb	rejected	odd-unclear: formal/abstract
beboerhus	sb	approved	
bedested	sb	rejected	sensitive: religious place of prayer
beholder	sb	approved	
beklædning	sb	rejected	odd-unclear: formal collective term
belysning	sb	rejected	odd-unclear: mass/collective, not a single thing
beslag	sb	rejected	odd-unclear: ambiguous (fitting / seizure)
bestik	sb	approved	
betonbyggeri	sb	rejected	odd-unclear: technical; used pejoratively for ugly buildings
bibliotek	sb	approved	
biksemad	sb	rejected	negative: idiom 'blive til biksemad' = smashed/wrecked; also a muddle (second review)
bil	sb	approved	
billard	sb	approved	
billardbord	sb	approved	
bilmotor	sb	rejected	odd-unclear: vehicle part rather than standalone thing
bilrude	sb	rejected	odd-unclear: vehicle part
bind	sb	rejected	body-appearance: also sanitary pad / bandage
bistade	sb	approved	
bjælke	sb	approved	
blad	sb	approved	
blyant	sb	approved	
boble	sb	rejected	death-illness-misfortune: 'bobler' = sparkling wine (alcohol); also bursting bubble/living in a bubble (second review)
bod	sb	rejected	negative: homograph of 'bod' = penance ('gøre bod'); guilt/atonement (second review)
boghandel	sb	approved	
bogreol	sb	approved	
bolero	sb	rejected	odd-unclear: uncommon garment/music term
bolig	sb	approved	
bolle	sb	rejected	body-appearance: vulgar slang for sex
bolsje	sb	approved	
bolt	sb	approved	
bombefly	sb	rejected	weapons-violence: bomber aircraft
bondegård	sb	approved	
bondehus	sb	approved	
bopæl	sb	rejected	odd-unclear: administrative/abstract
bor	sb	rejected	odd-unclear: ambiguous (drill bit / boron / verb 'lives')
bord	sb	approved	
bordkniv	sb	rejected	weapons-violence: knife
boremaskine	sb	approved	
boreplatform	sb	rejected	odd-unclear: industrial, not everyday
borg	sb	approved	
bosættelse	sb	rejected	sensitive: political (settlements)
bouillon	sb	approved	
bowlingbane	sb	approved	
brandsikring	sb	rejected	odd-unclear: abstract/technical
bremse	sb	rejected	negative: also obstacle/killjoy; horsefly
bremsesystem	sb	rejected	odd-unclear: technical vehicle system
brev	sb	approved	
brik	sb	approved	
briller	sb	rejected	body-appearance: eyewear/appearance; plural-only
bro	sb	approved	
broccoli	sb	approved	
bropille	sb	rejected	odd-unclear: technical construction part
brug	sb	rejected	odd-unclear: abstract
brygning	sb	rejected	odd-unclear: process, not a thing
bryst	sb	rejected	body-appearance: body part
brændeskur	sb	approved	
brændevin	sb	rejected	death-illness-misfortune: spirits/alcohol
brød	sb	approved	
brødskive	sb	approved	
budding	sb	approved	
bue	sb	rejected	weapons-violence: bow (weapon) sense
buffet	sb	approved	
bukseben	sb	rejected	odd-unclear: garment part, odd as name
bukser	sb	approved	
bulgur	sb	approved	
bumletog	sb	rejected	negative: implies slowness
bund	sb	rejected	negative: 'bottom' / rock bottom; ambiguous
bunker	sb	rejected	weapons-violence: military bunker
bur	sb	rejected	weapons-violence: confinement/imprisonment connotation
bureau	sb	rejected	odd-unclear: institutional, French spelling
bus	sb	approved	
butik	sb	approved	
butikscenter	sb	approved	
byggemarked	sb	approved	
bygning	sb	approved	
båd	sb	approved	
bånd	sb	approved	
båndmål	sb	approved	
bås	sb	rejected	negative: idiom 'sætte i bås' (pigeonhole); animal stall
bækken	sb	rejected	body-appearance: pelvis / bedpan
bælte	sb	rejected	sensitive: evokes bæltefiksering (psychiatric restraint) in care settings; 'under bæltestedet' (second review)
bænk	sb	approved	
bøf	sb	rejected	negative: slang 'lave en bøf' = blunder
bønne	sb	approved	
bønnespire	sb	approved	
børnemad	sb	rejected	negative: idiom for trivially easy, belittles the case
børneværelse	sb	approved	
bøtte	sb	approved	
campingvogn	sb	approved	
cembalo	sb	rejected	odd-unclear: rare instrument, not an everyday thing (second review)
center	sb	rejected	odd-unclear: abstract/generic
centralbank	sb	rejected	odd-unclear: financial institution, not everyday
chokolade	sb	approved	
cigar	sb	rejected	death-illness-misfortune: tobacco/addiction
cigaret	sb	rejected	death-illness-misfortune: tobacco/addiction
cirkus	sb	rejected	negative: idiom for chaos
citron	sb	approved	
citrusfrugt	sb	approved	
computer	sb	approved	
container	sb	approved	
courgette	sb	approved	
cowboybukser	sb	approved	
cowboytøj	sb	approved	
creme	sb	rejected	body-appearance: skin cream/cosmetic
cykel	sb	approved	
cykeltaske	sb	approved	
daddel	sb	rejected	negative: 'en daddel' = a reprimand/rebuke (second review)
dagligvare	sb	rejected	odd-unclear: abstract trade term
damper	sb	rejected	negative: 'få en damper' = setback
dampskib	sb	approved	
danseskole	sb	approved	
dansested	sb	approved	
datalager	sb	rejected	odd-unclear: technical
datostempel	sb	rejected	odd-unclear: administrative/technical
david	sb	rejected	odd-unclear: rare ship part (davit), reads as name David
dej	sb	approved	
delikatesse	sb	approved	
depot	sb	approved	
dessert	sb	approved	
detektor	sb	rejected	odd-unclear: technical
detonator	sb	rejected	weapons-violence: explosives
diode	sb	rejected	odd-unclear: technical electronics
dip	sb	approved	
dirigentstok	sb	approved	
disk	sb	approved	
display	sb	rejected	odd-unclear: English/technical
diæt	sb	rejected	body-appearance: dieting/body weight; medical
dragt	sb	rejected	weapons-violence: idiom 'en dragt prygl' = a beating (second review)
dressing	sb	approved	
drik	sb	rejected	death-illness-misfortune: drinking/alcohol connotation; also reads as imperative 'drink!' (second review)
drikkelse	sb	rejected	odd-unclear: old-fashioned, slightly pejorative
drikkevare	sb	rejected	odd-unclear: formal trade term
drink	sb	rejected	death-illness-misfortune: alcoholic drink
drivhjul	sb	rejected	odd-unclear: technical
drivhus	sb	approved	
druesort	sb	rejected	odd-unclear: abstract (grape variety)
druevin	sb	rejected	death-illness-misfortune: alcohol
dræsine	sb	rejected	odd-unclear: rare
dunk	sb	approved	
dybfryser	sb	approved	
dykkerskole	sb	approved	
dyrehandel	sb	approved	
dyt	sb	rejected	odd-unclear: child language/sound
dåse	sb	approved	
dæk	sb	approved	
døbefont	sb	rejected	sensitive: religious object
dør	sb	rejected	death-illness-misfortune: homograph of verb 'dør' = dies (second review)
dørklokke	sb	approved	
dørplade	sb	rejected	odd-unclear: technical part
dørtrin	sb	approved	
dørtærskel	sb	approved	
eddike	sb	approved	
efterret	sb	approved	
ejendom	sb	approved	
ejerbolig	sb	rejected	odd-unclear: legal housing form
elektronik	sb	rejected	odd-unclear: collective/abstract
elektronrør	sb	rejected	odd-unclear: technical
element	sb	rejected	odd-unclear: generic/ambiguous
elevator	sb	approved	
elmotor	sb	rejected	odd-unclear: technical component
embedsbolig	sb	rejected	odd-unclear: administrative jargon
energianlæg	sb	rejected	odd-unclear: technical
etage	sb	approved	
etagebyggeri	sb	rejected	odd-unclear: technical/collective
etui	sb	approved	
fabrik	sb	approved	
facade	sb	rejected	negative: also 'false front'
fad	sb	rejected	odd-unclear: ambiguous with adjective 'fad' (bland)
fag	sb	rejected	odd-unclear: abstract
fakkel	sb	rejected	odd-unclear: not everyday; fire, torch marches/protest connotation (second review)
faldskærm	sb	rejected	negative: 'gyldne faldskærm' idiom; emergency connotation
farm	sb	approved	
farsret	sb	rejected	sensitive: reads as 'fars ret' (father's right/custody) in family-law cases (second review)
fartmåler	sb	rejected	odd-unclear: technical instrument
fartøj	sb	approved	
fastfood	sb	rejected	negative: junk food connotation
fedt	sb	rejected	body-appearance: body fat
fedtstof	sb	rejected	body-appearance: fat/diet
fejebakke	sb	approved	
ferieby	sb	approved	
festtøj	sb	approved	
fetaost	sb	approved	
fiber	sb	rejected	odd-unclear: abstract/technical
figen	sb	approved	
fil	sb	rejected	odd-unclear: ambiguous (tool / computer file)
filet	sb	approved	
filter	sb	approved	
finger	sb	rejected	body-appearance: body part
fisk	sb	rejected	negative: insulting person idioms 'kold fisk', 'underlig fisk', 'glat fisk' (second review)
fiskefartøj	sb	approved	
fiskekrog	sb	approved	
fiskekød	sb	rejected	odd-unclear: unusual compound
fiskenet	sb	approved	
fiskerbåd	sb	approved	
fiskestang	sb	approved	
fiskesuppe	sb	approved	
fjeder	sb	approved	
fjerkrækød	sb	rejected	odd-unclear: unusual compound
fjernsyn	sb	approved	
flaske	sb	rejected	death-illness-misfortune: 'flasken' = drinking problem ('gå på flasken'); alcohol (second review)
flip	sb	rejected	odd-unclear: collar tip; slang 'freak out'
fly	sb	approved	
flyvemaskine	sb	approved	
flyver	sb	approved	
flåde	sb	rejected	weapons-violence: navy/fleet
flådestation	sb	rejected	weapons-violence: naval base
fløde	sb	approved	
flødeskum	sb	approved	
foder	sb	approved	
fokus	sb	rejected	odd-unclear: abstract
fold	sb	rejected	odd-unclear: ambiguous/abstract
foldekniv	sb	rejected	weapons-violence: knife
folkedragt	sb	rejected	sensitive: national/ethnic costume
folkekøkken	sb	rejected	death-illness-misfortune: soup kitchen, poverty
fond	sb	rejected	odd-unclear: abstract/financial
for	sb	rejected	odd-unclear: reads as preposition
forbrænding	sb	rejected	death-illness-misfortune: burn injury / incineration
forhal	sb	approved	
forlag	sb	rejected	odd-unclear: institution, not a concrete everyday thing
forlygte	sb	rejected	body-appearance: 'forlygter' is slang for breasts (like English 'headlights') (second review)
form	sb	rejected	odd-unclear: abstract/ambiguous (shape, form, mould)
forretning	sb	rejected	body-appearance: toilet euphemism 'gøre sin (store/lille) forretning' (second review)
forråd	sb	rejected	odd-unclear: abstract supply/stock
forsager	sb	rejected	weapons-violence: firearm part
forstykke	sb	rejected	odd-unclear: obscure garment part
forsøgsanlæg	sb	rejected	odd-unclear: technical
fragtskib	sb	approved	
frakke	sb	approved	
fremviser	sb	rejected	odd-unclear: dated device, ambiguous with person
friskost	sb	approved	
fritidshus	sb	approved	
frokost	sb	approved	
fromage	sb	approved	
frugt	sb	approved	
frugtsaft	sb	approved	
frugttærte	sb	approved	
frugtvin	sb	rejected	sensitive: alcoholic drink
frysepose	sb	approved	
fundament	sb	approved	
fyld	sb	rejected	odd-unclear: substance; also 'filler/padding' (negative)
fyr	sb	rejected	odd-unclear: ambiguous: lighthouse/furnace/pine/'guy'
fænghætte	sb	rejected	weapons-violence: ammunition part
færdigret	sb	approved	
færge	sb	approved	
føde	sb	rejected	odd-unclear: ambiguous with 'give birth'; feed
fødeafdeling	sb	rejected	death-illness-misfortune: hospital ward
føler	sb	rejected	odd-unclear: technical sensor/insect feeler
gaffel	sb	approved	
gang	sb	rejected	odd-unclear: abstract/ambiguous (time, walk, hallway)
garage	sb	approved	
garderobe	sb	approved	
gardin	sb	approved	
garn	sb	approved	
gasbeholder	sb	rejected	odd-unclear: technical industrial container
gaspedal	sb	approved	
gear	sb	approved	
gearkasse	sb	approved	
gearstang	sb	rejected	body-appearance: 'stang' vulgar slang for erection; gear-stick innuendo (second review)
geigertæller	sb	rejected	odd-unclear: technical radiation instrument
genbrugstøj	sb	rejected	sensitive: second-hand clothes, poverty connotation
generator	sb	approved	
gevindskærer	sb	rejected	odd-unclear: technical tool
gevær	sb	rejected	weapons-violence: rifle
gigbag	sb	rejected	odd-unclear: jargon loanword
glas	sb	approved	
glasbygning	sb	approved	
gong	sb	rejected	odd-unclear: not an everyday object (second review)
granat	sb	rejected	weapons-violence: grenade
gratin	sb	approved	
grill	sb	rejected	weapons-violence: slang 'få én i grillen' = punch in the face; 'grille' = interrogate (second review)
gryde	sb	approved	
grydelap	sb	approved	
gryn	sb	rejected	negative: idiom 'ikke meget gryn i hovedet' = dim-witted; vague as standalone (second review)
græskar	sb	approved	
grød	sb	rejected	negative: figuratively a mush/mess ('grød i munden'); lexicon sentiment -1 (second review)
grødris	sb	approved	
grønsag	sb	rejected	death-illness-misfortune: used of a person in a vegetative state (second review)
grønt	sb	rejected	odd-unclear: reads as adjective, mass noun
guitar	sb	approved	
gulerod	sb	approved	
gulv	sb	approved	
gummibåd	sb	rejected	sensitive: strongly associated with migrant boat crossings/drownings (second review)
gummisko	sb	approved	
gummistøvle	sb	approved	
gymnastiksal	sb	approved	
gård	sb	approved	
habit	sb	approved	
hakkekød	sb	rejected	weapons-violence: idiom 'lave hakkekød af nogen' = beat to a pulp (second review)
hal	sb	approved	
hale	sb	rejected	body-appearance: body part (tail, also slang for backside)
hals	sb	rejected	body-appearance: body part
halstørklæde	sb	approved	
halvtag	sb	approved	
hammer	sb	rejected	weapons-violence: frequent assault weapon; 'komme under hammeren' = forced sale (second review)
handske	sb	approved	
harddisk	sb	approved	
hardware	sb	rejected	odd-unclear: abstract mass noun, jargon
harmonika	sb	approved	
hat	sb	approved	
havemøbel	sb	approved	
havn	sb	approved	
havregryn	sb	approved	
headset	sb	approved	
hedvin	sb	rejected	sensitive: alcoholic drink
helikopter	sb	approved	
helsekost	sb	rejected	odd-unclear: category/mass noun, health-related
heroin	sb	rejected	death-illness-misfortune: hard drug, addiction
hestevogn	sb	approved	
himmel	sb	rejected	sensitive: religious 'heaven' sense; sky not a thing
hjem	sb	rejected	sensitive: home; risky in social/case contexts ('cold home')
hjemmedragt	sb	rejected	odd-unclear: uncommon word
hjemmesko	sb	approved	
hjul	sb	approved	
hjulophæng	sb	rejected	odd-unclear: technical car part
hobbyrum	sb	approved	
holder	sb	rejected	odd-unclear: vague generic word
honning	sb	approved	
horn	sb	rejected	negative: 'sætte horn i panden på' = cuckold; devil's horns (second review)
hospital	sb	rejected	death-illness-misfortune: illness/hospital
hotdog	sb	rejected	body-appearance: sausage innuendo (cf. pølse) (second review)
hotel	sb	approved	
hovedkontor	sb	approved	
hovedsæde	sb	approved	
hue	sb	approved	
hugvåben	sb	rejected	weapons-violence: weapon
hukommelse	sb	rejected	odd-unclear: abstract (memory)
hule	sb	rejected	negative: den-of-vice compounds (røverhule, narkohule, spillehule); adjective 'hule' = hollow (second review)
humle	sb	rejected	death-illness-misfortune: known chiefly as beer ingredient (alcohol) (second review)
hummer	sb	rejected	weapons-violence: slang 'hummeren' = jail (second review)
husmandskost	sb	rejected	odd-unclear: cuisine category, not a thing
hvede	sb	approved	
hverdagsmad	sb	rejected	odd-unclear: category, not a thing
hvidløg	sb	approved	
hvidvin	sb	rejected	sensitive: alcoholic drink
hvælving	sb	rejected	odd-unclear: architectural term, not everyday
hydrometer	sb	rejected	odd-unclear: technical instrument
hylde	sb	rejected	negative: idiom 'lagt på hylden' = shelved/abandoned (reads as a shelved case); 'blive på hylden' = left unmarried (second review)
hytte	sb	approved	
håndgranat	sb	rejected	weapons-violence: hand grenade
håndklæde	sb	rejected	body-appearance: bathroom/hygiene item; idiom 'kaste håndklædet i ringen' = give up (second review)
håndled	sb	rejected	body-appearance: body part
hårtørrer	sb	rejected	body-appearance: personal hair-care/grooming item (second review)
hæfte	sb	rejected	odd-unclear: ambiguous with 'hæfte' (detention/liability)
hæl	sb	rejected	body-appearance: body part
hætte	sb	approved	
hæveautomat	sb	approved	
hævemiddel	sb	rejected	odd-unclear: abstract substance category
højhus	sb	approved	
højovn	sb	rejected	odd-unclear: industrial technical
højreb	sb	rejected	odd-unclear: butcher's cut term; reads like 'højre' (political right) (second review)
højtaler	sb	approved	
høreapparat	sb	rejected	death-illness-misfortune: disability aid
høst	sb	rejected	odd-unclear: event/abstract
høvl	sb	approved	
idrætspark	sb	approved	
iltapparat	sb	rejected	death-illness-misfortune: medical/breathing aid
indkøbsvogn	sb	approved	
indlægssål	sb	rejected	body-appearance: foot/hygiene item
indmad	sb	rejected	body-appearance: innards/offal
indpakning	sb	rejected	odd-unclear: process/abstract noun
indstilling	sb	rejected	odd-unclear: abstract (setting/nomination)
indtag	sb	rejected	odd-unclear: abstract (intake)
infirmeri	sb	rejected	death-illness-misfortune: sick bay
ingrediens	sb	rejected	odd-unclear: too generic
installation	sb	rejected	odd-unclear: abstract/technical
instrument	sb	approved	
isbryder	sb	approved	
isdessert	sb	approved	
isterning	sb	approved	
jagt	sb	rejected	weapons-violence: hunting/killing (also yacht)
jakke	sb	approved	
jakkesæt	sb	approved	
jordnød	sb	approved	
joystick	sb	rejected	body-appearance: well-known sexual innuendo; English tech term (second review)
juice	sb	approved	
junge	sb	rejected	odd-unclear: dialect/archaic
justering	sb	rejected	odd-unclear: abstract (adjustment)
kabel	sb	approved	
kabine	sb	approved	
kaffe	sb	approved	
kaffebønne	sb	approved	
kaffekande	sb	approved	
kage	sb	approved	
kagerulle	sb	rejected	weapons-violence: comic trope of the wife hitting the husband with the rolling pin (second review)
kahyt	sb	approved	
kajak	sb	approved	
kakaomælk	sb	approved	
kalkun	sb	rejected	death-illness-misfortune: 'kolde kalkun' = cold turkey (drug withdrawal); also mild insult (second review)
kalv	sb	approved	
kalvekød	sb	rejected	odd-unclear: raw-meat mass noun (flesh/slaughter), odd as identifier (second review)
kam	sb	rejected	body-appearance: personal grooming item (comb, lice comb); ambiguous (crest, pork loin) (second review)
kamera	sb	approved	
kamin	sb	approved	
kampvogn	sb	rejected	weapons-violence: tank
kanal	sb	approved	
kande	sb	approved	
kane	sb	approved	
kano	sb	approved	
kappe	sb	approved	
kapsel	sb	rejected	death-illness-misfortune: medicine/pill capsule; also beer bottle cap (second review)
kar	sb	rejected	odd-unclear: ambiguous (tub/blood vessel)
karet	sb	approved	
karosseri	sb	rejected	body-appearance: slang for a (woman's) body; vehicle part (second review)
kartoffel	sb	rejected	sensitive: well-known slang term for ethnic Danes (ethnicity) (second review)
kasino	sb	rejected	death-illness-misfortune: gambling, addiction connotation
kasse	sb	approved	
kasseapparat	sb	approved	
kassette	sb	approved	
kateder	sb	approved	
katedral	sb	rejected	sensitive: religious building
kedel	sb	approved	
ketchup	sb	approved	
keyboard	sb	approved	
kikkert	sb	approved	
kiks	sb	rejected	negative: also means a blunder/miss
kiosk	sb	approved	
kirkekontor	sb	rejected	sensitive: religion
kiste	sb	rejected	death-illness-misfortune: coffin
kjole	sb	approved	
klangbund	sb	rejected	odd-unclear: technical/abstract
klaver	sb	approved	
klaverbænk	sb	approved	
klemme	sb	rejected	negative: 'i klemme' = in a tight spot
klinge	sb	rejected	weapons-violence: blade
klinik	sb	rejected	death-illness-misfortune: medical clinic
klo	sb	rejected	body-appearance: claw, body part
klokke	sb	approved	
kloster	sb	rejected	sensitive: religion
klostercelle	sb	rejected	sensitive: religion, also 'cell'
klub	sb	approved	
klump	sb	rejected	negative: lump; tumour/'lump in the throat' connotation
klæde	sb	rejected	odd-unclear: old-fashioned/ambiguous (cloth, clothes, verb 'to dress') (second review)
klædedragt	sb	rejected	odd-unclear: formal/abstract
klæder	sb	rejected	odd-unclear: plural form, odd in identifier
knap	sb	approved	
knaplukning	sb	rejected	odd-unclear: technical garment term
knippel	sb	rejected	weapons-violence: truncheon
kniv	sb	rejected	weapons-violence: knife, stabbing connotation
knæ	sb	rejected	body-appearance: body part
koben	sb	rejected	weapons-violence: crowbar, burglary tool
kobling	sb	rejected	odd-unclear: vehicle part (clutch) / abstract 'link' (second review)
kofanger	sb	rejected	odd-unclear: vehicle part rather than standalone thing; collision connotation (second review)
kogegrej	sb	rejected	odd-unclear: informal collective term, not a single thing (second review)
kollegie	sb	approved	
komfur	sb	approved	
kommode	sb	approved	
kompas	sb	approved	
komponent	sb	rejected	odd-unclear: abstract/technical
kompot	sb	approved	
konfekt	sb	approved	
konfiture	sb	approved	
konsumfisk	sb	rejected	odd-unclear: technical
kontor	sb	approved	
kontrolpanel	sb	approved	
konvoj	sb	rejected	weapons-violence: military convoy connotation
konvolut	sb	approved	
kop	sb	approved	
kopimaskine	sb	approved	
korn	sb	approved	
kornprodukt	sb	rejected	odd-unclear: technical category
kornsort	sb	rejected	odd-unclear: technical category
korset	sb	rejected	body-appearance: lingerie/body-shaping garment
kost	sb	rejected	odd-unclear: ambiguous (broom/diet)
kostume	sb	approved	
kotelet	sb	rejected	sensitive: usually pork (religious dietary, cf. bacon); slang 'koteletter' = sideburns (second review)
kran	sb	approved	
kravlegård	sb	rejected	negative: infantilising; figurative for being confined/kept in check (second review)
kredsløb	sb	rejected	odd-unclear: abstract/medical
krigsskib	sb	rejected	weapons-violence: warship
kro	sb	approved	
krog	sb	rejected	negative: idioms 'på krogen'/'bide på krogen' (caught, tricked); boxing hook (second review)
krus	sb	approved	
krydderi	sb	approved	
krydderurt	sb	approved	
krykke	sb	rejected	death-illness-misfortune: disability aid
krystalglas	sb	approved	
krøllejern	sb	rejected	body-appearance: hair-styling/beauty tool, gender-coded (second review)
kuffert	sb	approved	
kuglepen	sb	approved	
kukkasse	sb	rejected	odd-unclear: dated slang
kulisse	sb	rejected	odd-unclear: theatre jargon; figurative 'just a façade' (second review)
kumme	sb	rejected	body-appearance: toilet bowl sense
kuppel	sb	approved	
kursted	sb	rejected	death-illness-misfortune: health resort/treatment
kurv	sb	rejected	negative: idiom 'få en kurv' = be rejected (second review)
kuvert	sb	approved	
kvægfarm	sb	rejected	odd-unclear: uncommon compound; 'kvæg' used dehumanisingly of people (second review)
kværn	sb	rejected	negative: 'systemets kværn' = being ground down by bureaucracy (second review)
kål	sb	rejected	negative: idiom 'gøre kål på' = destroy/finish off; 'kålhoved' insult (second review)
kælder	sb	rejected	negative: 'ligge i kælderen' = at the bottom; dark/damp connotation (second review)
kælderetage	sb	rejected	odd-unclear: formal building term; gloomy basement connotation (second review)
kælderrum	sb	rejected	odd-unclear: building part; gloomy basement connotation (second review)
kælk	sb	approved	
kæp	sb	rejected	weapons-violence: stick, beating/weapon sense
kød	sb	rejected	body-appearance: flesh/meat
køkken	sb	approved	
køkkenregion	sb	rejected	odd-unclear: odd compound
køler	sb	approved	
kølergitter	sb	rejected	odd-unclear: technical car part
køleskab	sb	approved	
køletaske	sb	approved	
kølle	sb	rejected	weapons-violence: club
køreledning	sb	rejected	odd-unclear: technical
kørestol	sb	rejected	death-illness-misfortune: disability aid
køretøj	sb	rejected	odd-unclear: formal generic term (police/legal register) (second review)
laboratorie	sb	approved	
lad	sb	rejected	odd-unclear: ambiguous with verb 'let', truck-bed jargon
lade	sb	approved	
lader	sb	rejected	odd-unclear: reads as the verb 'lader'; 'oplader' is the everyday word (second review)
lage	sb	rejected	odd-unclear: uncommon (brine)
lager	sb	approved	
lagkage	sb	approved	
laks	sb	approved	
lam	sb	rejected	death-illness-misfortune: homograph of 'lam' = paralysed; religious 'Guds lam'/'offerlam' (second review)
lammekød	sb	rejected	odd-unclear: raw-meat mass noun (flesh/slaughter), odd as identifier (second review)
lampe	sb	approved	
landbrug	sb	rejected	odd-unclear: mainly abstract (the agricultural sector); politically charged (second review)
landejendom	sb	rejected	odd-unclear: formal property/legal term (second review)
lap	sb	rejected	sensitive: also dated/derogatory term for Sami people
laptop	sb	approved	
laser	sb	approved	
last	sb	rejected	negative: also means vice/moral failing
lastbil	sb	approved	
lejebolig	sb	rejected	odd-unclear: legal/economic housing form, confusable with the client's actual housing (cf. andelsbolig) (second review)
lejlighed	sb	approved	
lever	sb	rejected	body-appearance: liver, body organ
levning	sb	rejected	negative: leftover/remains; also human remains
lift	sb	rejected	death-illness-misfortune: patient hoist in care settings; cosmetic facelift (second review)
lighter	sb	approved	
lighus	sb	rejected	death-illness-misfortune: morgue
ligkiste	sb	rejected	death-illness-misfortune: coffin
likør	sb	rejected	sensitive: alcoholic drink
lineal	sb	approved	
linse	sb	approved	
liv	sb	rejected	odd-unclear: abstract (life); also waist
livret	sb	approved	
loddekolbe	sb	rejected	odd-unclear: specialist tool (second review)
loft	sb	rejected	sensitive: 'loftet' = benefit cap (kontanthjælpsloft) in social services; 'gå op i loftet' = lose temper (second review)
lokale	sb	rejected	odd-unclear: reads as the adjective 'lokale' (local) (second review)
lokkemad	sb	rejected	negative: bait; lure/deception
lokomotiv	sb	approved	
lokum	sb	rejected	body-appearance: toilet/outhouse
lomme	sb	approved	
lommelygte	sb	approved	
lommeur	sb	approved	
luftpudebåd	sb	approved	
luftskib	sb	approved	
lukning	sb	rejected	negative: closure/shutdown, negative event
lunch	sb	approved	
lut	sb	rejected	odd-unclear: rare (lute), easily confused with lye
lyddæmper	sb	rejected	weapons-violence: gun silencer
lydsystem	sb	approved	
lygte	sb	approved	
lysmåler	sb	rejected	odd-unclear: technical photo instrument
lystbåd	sb	approved	
lår	sb	rejected	body-appearance: thigh
lårstykke	sb	rejected	body-appearance: thigh cut; body-part word
lås	sb	rejected	weapons-violence: idiom 'bag lås og slå' (prison); confusable with a locked-case status (second review)
lænestol	sb	approved	
længe	sb	rejected	odd-unclear: ambiguous; usually adverb 'long time'
læsesal	sb	approved	
læskedrik	sb	approved	
løb	sb	rejected	weapons-violence: also gun barrel; otherwise abstract (run)
løbesko	sb	approved	
løftestang	sb	approved	
løg	sb	approved	
mad	sb	rejected	odd-unclear: generic mass noun; English homograph 'mad' (insane) (second review)
madkurv	sb	approved	
madpakke	sb	approved	
madpandekage	sb	approved	
madrest	sb	rejected	negative: food scraps/waste
magasin	sb	rejected	weapons-violence: also gun magazine
malergrej	sb	rejected	odd-unclear: colloquial collective 'painting stuff'
manometer	sb	rejected	odd-unclear: technical gauge
marcipan	sb	approved	
marengs	sb	approved	
marmelade	sb	approved	
maske	sb	rejected	negative: disguise/robbery mask; 'tabe masken'
maskine	sb	approved	
mast	sb	approved	
medalje	sb	approved	
medborgerhus	sb	approved	
mejeri	sb	approved	
mejsel	sb	approved	
mekanik	sb	rejected	odd-unclear: abstract (mechanics)
mekanisme	sb	rejected	odd-unclear: abstract
mel	sb	approved	
mellemmåltid	sb	approved	
melon	sb	rejected	body-appearance: slang for breasts/head (second review)
membran	sb	rejected	odd-unclear: technical/biological
menighedshus	sb	rejected	sensitive: religious building
menu	sb	approved	
metro	sb	approved	
middag	sb	approved	
middagsbord	sb	approved	
middagsmad	sb	approved	
mikrofon	sb	approved	
mikroskop	sb	approved	
mindesmærke	sb	rejected	death-illness-misfortune: memorial; death association
mine	sb	rejected	weapons-violence: landmine
minutur	sb	approved	
mobiltelefon	sb	approved	
modetøj	sb	rejected	odd-unclear: collective term; appearance/fashion focus (second review)
mokka	sb	approved	
mole	sb	approved	
montre	sb	rejected	odd-unclear: uncommon French-derived word (display case) (second review)
morgenbrød	sb	approved	
morgenmad	sb	approved	
mos	sb	approved	
most	sb	rejected	odd-unclear: uncommon on its own; reads as English 'most'
motor	sb	approved	
motorcykel	sb	approved	
motorskib	sb	approved	
mousse	sb	approved	
mus	sb	rejected	body-appearance: vulgar slang for female genitals
museum	sb	approved	
musikhus	sb	approved	
muskat	sb	approved	
musling	sb	rejected	body-appearance: slang for female genitals; 'lukke sig som en musling' (second review)
målebånd	sb	approved	
målebæger	sb	approved	
måler	sb	approved	
mælk	sb	approved	
mælkeprodukt	sb	rejected	odd-unclear: category term, not a concrete thing
møbel	sb	approved	
mørkekammer	sb	rejected	odd-unclear: dated specialist room; 'dark chamber' ring (second review)
nabohus	sb	approved	
nationalbank	sb	rejected	odd-unclear: institution, not an everyday thing
natklub	sb	rejected	sensitive: nightlife/alcohol connotations
nattøj	sb	rejected	body-appearance: nightwear/bedroom; collective (second review)
navigator	sb	rejected	odd-unclear: usually a person; device sense technical
nederdel	sb	approved	
negleklipper	sb	rejected	body-appearance: hygiene item
net	sb	rejected	odd-unclear: ambiguous (net/internet/adjective 'net' = neat) (second review)
netbank	sb	rejected	odd-unclear: online service, not a concrete thing
nummerplade	sb	rejected	odd-unclear: vehicle part; confusable with an actual identifier (second review)
nyre	sb	rejected	body-appearance: kidney, body organ
nål	sb	rejected	death-illness-misfortune: also medical/drug needle
nød	sb	rejected	death-illness-misfortune: also distress/need
nøgle	sb	approved	
okse	sb	rejected	negative: insult for a big clumsy/dumb person; castrated bull (second review)
oksekød	sb	rejected	odd-unclear: raw-meat mass noun (flesh/slaughter); beef religious sensitivity (second review)
olie	sb	approved	
olieanlæg	sb	rejected	odd-unclear: industrial installation
olietanker	sb	approved	
omformer	sb	rejected	odd-unclear: technical
omgang	sb	rejected	negative: also a beating/scolding; sexual 'omgang'
opera	sb	approved	
oplader	sb	approved	
oplukker	sb	approved	
optik	sb	rejected	odd-unclear: abstract field
opvaskebalje	sb	approved	
orgel	sb	approved	
orgelpibe	sb	rejected	odd-unclear: instrument part, not a standalone everyday thing (second review)
ost	sb	approved	
overall	sb	approved	
overtrækstøj	sb	rejected	odd-unclear: uncommon collective term (second review)
overtøj	sb	approved	
ovn	sb	approved	
ovnret	sb	approved	
pakke	sb	rejected	negative: slang 'få pakke' = get beaten up/thrashed (second review)
pande	sb	rejected	body-appearance: also forehead
pandekage	sb	approved	
papirfabrik	sb	approved	
parabol	sb	rejected	sensitive: symbol in ghetto/immigration debate ('parabolby'); ethnicity (second review)
paraply	sb	approved	
parfumeri	sb	approved	
passagerfly	sb	approved	
passagerskib	sb	approved	
passer	sb	rejected	odd-unclear: reads as the verb 'passer' (fits/looks after) (second review)
pasta	sb	approved	
pastelfarve	sb	rejected	odd-unclear: a colour, not a concrete thing
pastil	sb	approved	
pavestol	sb	rejected	sensitive: religion
peanut	sb	rejected	negative: 'det er peanuts' = trifle, belittles the case; English loan (second review)
peber	sb	approved	
peberbøsse	sb	rejected	sensitive: contains 'bøsse' (gay man; also old word for gun), invites jokes (second review)
peberfrugt	sb	approved	
pejs	sb	approved	
pels	sb	rejected	sensitive: fur (animal-rights controversy); body hair
pen	sb	approved	
pendul	sb	approved	
pengeautomat	sb	approved	
pengekasse	sb	approved	
pension	sb	rejected	sensitive: age/retirement
personbil	sb	approved	
pibe	sb	rejected	sensitive: tobacco pipe
pil	sb	rejected	weapons-violence: arrow
pille	sb	rejected	death-illness-misfortune: medicine pill
pilleglas	sb	rejected	death-illness-misfortune: medicine
pind	sb	approved	
plade	sb	rejected	negative: slang 'køre en plade' = to bluff/lie; highly ambiguous (second review)
platform	sb	rejected	odd-unclear: mostly abstract (digital/political platform) (second review)
pløk	sb	rejected	odd-unclear: uncommon (tent peg); 'pløkfuld' = blind drunk (second review)
politibil	sb	rejected	weapons-violence: police
port	sb	approved	
pose	sb	approved	
posthus	sb	approved	
potte	sb	rejected	body-appearance: potty
printer	sb	approved	
privatbolig	sb	rejected	odd-unclear: administrative/legal housing term (second review)
program	sb	rejected	odd-unclear: abstract
proptrækker	sb	rejected	death-illness-misfortune: tool used almost only for wine (alcohol) (second review)
præstedragt	sb	rejected	sensitive: religion
pulterrum	sb	rejected	negative: junk room; reads as judgement of the case
pumpe	sb	approved	
punch	sb	rejected	sensitive: alcoholic drink; also 'hit'
pung	sb	rejected	body-appearance: also scrotum
pyramide	sb	approved	
påhængsvogn	sb	approved	
påklædning	sb	rejected	odd-unclear: abstract attire/act of dressing
pålæg	sb	rejected	odd-unclear: also official order/injunction
pære	sb	approved	
pølse	sb	rejected	body-appearance: phallic slang
racer	sb	rejected	sensitive: also plural of 'race' (ethnicity)
racerbil	sb	approved	
radar	sb	approved	
radio	sb	approved	
raffinaderi	sb	rejected	odd-unclear: industrial refinery, not an everyday thing (second review)
raket	sb	rejected	weapons-violence: also missile
ramme	sb	approved	
rat	sb	approved	
reaktor	sb	rejected	odd-unclear: technical; nuclear associations
reb	sb	approved	
reception	sb	approved	
redskab	sb	rejected	body-appearance: jocular euphemism for penis; 'et redskab for' = someone's pawn (second review)
reflektor	sb	approved	
register	sb	rejected	odd-unclear: abstract; e.g. criminal record
regnemaskine	sb	approved	
regnmåler	sb	approved	
regntøj	sb	approved	
reje	sb	rejected	body-appearance: 'lille reje' = mocking term for a small, scrawny person (second review)
rem	sb	rejected	negative: strap used for punishment
remonce	sb	rejected	odd-unclear: baking jargon (pastry filling), unknown to many (second review)
renseanlæg	sb	rejected	body-appearance: sewage treatment
reol	sb	approved	
residens	sb	rejected	odd-unclear: formal/official
rest	sb	rejected	odd-unclear: abstract remainder
restaurant	sb	approved	
restemad	sb	rejected	negative: leftovers, unflattering
ret	sb	rejected	odd-unclear: ambiguous; also court/law
retssal	sb	rejected	weapons-violence: courtroom, crime context
ribbe	sb	rejected	odd-unclear: ambiguous technical; rib
ribben	sb	rejected	body-appearance: rib
ribs	sb	approved	
rideskole	sb	approved	
rille	sb	rejected	odd-unclear: groove, not a standalone thing
ringmur	sb	rejected	odd-unclear: historical fortification wall, not everyday (second review)
ris	sb	rejected	negative: also punishment/criticism ('få ris')
rivejern	sb	rejected	negative: slang for a nagging woman
rodfrugt	sb	approved	
roe	sb	approved	
ror	sb	approved	
router	sb	approved	
rulle	sb	approved	
rum	sb	approved	
rumfartøj	sb	approved	
rummål	sb	rejected	odd-unclear: unit of volume
ryg	sb	rejected	body-appearance: back (body)
rygsæk	sb	approved	
rynke	sb	rejected	body-appearance: wrinkle
rytmeboks	sb	rejected	odd-unclear: rare music-tech term (drum machine) (second review)
rådhus	sb	approved	
rækkehus	sb	approved	
rødvin	sb	rejected	sensitive: alcoholic drink
rør	sb	approved	
saft	sb	approved	
saftpresser	sb	approved	
saks	sb	approved	
salat	sb	approved	
salathoved	sb	approved	
salatsæt	sb	approved	
salon	sb	approved	
salt	sb	approved	
saltbøsse	sb	rejected	sensitive: contains 'bøsse' (gay man / slur); schoolyard joke word (second review)
samtaleanlæg	sb	approved	
sandal	sb	approved	
sandwich	sb	approved	
sari	sb	rejected	sensitive: ethnic/cultural garment
satellit	sb	approved	
sauce	sb	approved	
sauna	sb	rejected	body-appearance: nudity and sweating/bathing connotation (second review)
sav	sb	approved	
saxofon	sb	approved	
scene	sb	rejected	negative: 'lave en scene' = make a scene, a row (second review)
schnitzel	sb	approved	
sedan	sb	approved	
seismometer	sb	rejected	odd-unclear: technical
sejl	sb	approved	
sejlbåd	sb	approved	
sejlskib	sb	approved	
sele	sb	approved	
sendemast	sb	approved	
sendeudstyr	sb	rejected	odd-unclear: technical collective noun, not a single concrete thing (second review)
seng	sb	approved	
sennep	sb	approved	
server	sb	approved	
servering	sb	rejected	odd-unclear: act of serving, abstract
shelter	sb	rejected	death-illness-misfortune: also homeless/bomb shelter
shorts	sb	approved	
siddemøbel	sb	rejected	odd-unclear: catalogue jargon
signal	sb	rejected	odd-unclear: abstract
sigtemiddel	sb	rejected	weapons-violence: gun sight
sikring	sb	rejected	odd-unclear: ambiguous: fuse / security measure
silo	sb	approved	
simulator	sb	approved	
sirene	sb	rejected	death-illness-misfortune: emergency alarm; also mythic seductress
sirup	sb	approved	
sjal	sb	approved	
sjippetov	sb	approved	
skab	sb	rejected	death-illness-misfortune: homonym 'skab' = scabies/mange; also 'ud af skabet' (coming out) (second review)
skadestue	sb	rejected	death-illness-misfortune: emergency room, injury
skaft	sb	rejected	body-appearance: has anatomical/slang penis sense
skakt	sb	rejected	odd-unclear: technical shaft (mine/elevator), not everyday
skaldyr	sb	approved	
skammel	sb	approved	
skank	sb	rejected	negative: obscure butcher term; reads as English insult 'skank'
ske	sb	approved	
skede	sb	rejected	body-appearance: vagina / sheath
ski	sb	approved	
skib	sb	approved	
skibsside	sb	rejected	odd-unclear: ship's side, not an everyday thing
skibsskrog	sb	rejected	odd-unclear: ship hull, technical; 'skrog' also wreck
skilift	sb	approved	
skind	sb	rejected	body-appearance: skin/hide; 'stakkels skind' = poor thing
skindtøj	sb	rejected	odd-unclear: uncommon; fur/leather gear connotation (second review)
skinke	sb	rejected	body-appearance: ham; slang for buttocks
skitøj	sb	approved	
skive	sb	approved	
skjold	sb	rejected	weapons-violence: shield, war equipment
skjorte	sb	approved	
sko	sb	approved	
skohorn	sb	approved	
skorsten	sb	approved	
skraber	sb	rejected	negative: 'en skraber' = a scrape/scolding; also razor (second review)
skraldebil	sb	rejected	negative: garbage truck implies the case is rubbish
skranke	sb	rejected	odd-unclear: counter/barrier; 'for skranken' = standing trial
skrin	sb	approved	
skrivebord	sb	approved	
skrue	sb	rejected	negative: slang for prison guard; 'en skrue løs' = crazy (second review)
skruenøgle	sb	approved	
skruetrækker	sb	approved	
skræl	sb	rejected	odd-unclear: peel scraps/waste, odd as an identifier (second review)
skud	sb	rejected	weapons-violence: gunshot
skuffe	sb	rejected	negative: homograph of 'skuffe' = disappoint; 'lagt i skuffen' = shelved case (second review)
skulder	sb	rejected	body-appearance: body part
skumslukker	sb	rejected	odd-unclear: specialised fire-emergency equipment (second review)
sky	sb	approved	
skydeskår	sb	rejected	weapons-violence: firing slit in fortification
skydevåben	sb	rejected	weapons-violence: firearm
skygge	sb	rejected	odd-unclear: shadow, not concrete; ominous connotations
skyts	sb	rejected	weapons-violence: artillery
skål	sb	rejected	body-appearance: also bra cup; 'skål!' = drinking toast (second review)
skær	sb	rejected	odd-unclear: glow/hue/skerry, ambiguous and abstract
skærm	sb	approved	
skøjte	sb	approved	
slag	sb	rejected	weapons-violence: blow/battle
slagtøj	sb	approved	
slange	sb	rejected	negative: 'en slange' = treacherous, deceitful person (second review)
slankemad	sb	rejected	body-appearance: diet food, weight/appearance
slik	sb	approved	
slips	sb	approved	
slot	sb	approved	
sluse	sb	approved	
slå	sb	rejected	odd-unclear: door bolt; reads as verb 'hit'
slæde	sb	approved	
slægtsgård	sb	rejected	odd-unclear: specialised term (farm held by one family for generations) (second review)
slør	sb	rejected	sensitive: veil, religious headscarf connotation
småbåd	sb	approved	
småkage	sb	approved	
småkød	sb	rejected	odd-unclear: butcher's term for stew meat, odd as a name
smør	sb	approved	
smørekande	sb	approved	
smøreost	sb	approved	
smørrebrød	sb	approved	
snaps	sb	rejected	death-illness-misfortune: alcohol, addiction connotation
snapseflaske	sb	rejected	death-illness-misfortune: alcohol bottle, addiction connotation
snavsetøj	sb	rejected	negative: dirty laundry, also idiom for scandal
snegl	sb	rejected	negative: snail implies slowness for a case
snude	sb	rejected	body-appearance: animal snout, body part
snurretop	sb	approved	
sodavand	sb	approved	
sofa	sb	approved	
sok	sb	approved	
solbriller	sb	approved	
solcelle	sb	approved	
solcenter	sb	rejected	body-appearance: tanning salon, appearance/skin
sommerhus	sb	approved	
sorbet	sb	approved	
soveværelse	sb	rejected	body-appearance: bedroom, intimacy innuendo
sovs	sb	approved	
spand	sb	rejected	negative: 'gammel spand' = old wreck; slop/toilet bucket connotation (second review)
sparkedragt	sb	approved	
specialskole	sb	rejected	death-illness-misfortune: special-needs school, disability
speeder	sb	approved	
spid	sb	rejected	odd-unclear: uncommon (rotisserie spit); impaling connotation (second review)
spil	sb	rejected	death-illness-misfortune: also gambling/betting; 'bare spil' = pretence (second review)
spillebord	sb	rejected	death-illness-misfortune: gambling table, addiction connotation
spinat	sb	approved	
spiritus	sb	rejected	death-illness-misfortune: liquor, addiction connotation
spisebestik	sb	approved	
spisefisk	sb	rejected	odd-unclear: technical food-fish term
spiseolie	sb	approved	
spisested	sb	approved	
spisestue	sb	approved	
spjæld	sb	rejected	weapons-violence: slang for jail
sportsfly	sb	approved	
sporvogn	sb	approved	
sprøjte	sb	rejected	death-illness-misfortune: syringe, injection/drug use
spændebånd	sb	rejected	odd-unclear: technical strap; restraint connotation (second review)
stadion	sb	approved	
stang	sb	rejected	body-appearance: slang for erection
station	sb	approved	
stav	sb	rejected	odd-unclear: ambiguous: staff, letter stave, walking aid, weapon sense
sted	sb	rejected	odd-unclear: 'place', too abstract
stegepande	sb	approved	
stemmegaffel	sb	approved	
stemmejern	sb	approved	
stempel	sb	rejected	negative: 'et stempel' = stigma/label, loaded in social and legal cases (second review)
stenfrugt	sb	rejected	odd-unclear: botanical jargon (drupe)
stenøkse	sb	rejected	weapons-violence: stone axe, weapon
sti	sb	rejected	death-illness-misfortune: homonym 'sti på øjet' = eye stye; also pigsty pen (second review)
stige	sb	approved	
stik	sb	rejected	weapons-violence: stab/sting
stikkontakt	sb	approved	
stikvåben	sb	rejected	weapons-violence: stabbing weapon
stilk	sb	approved	
sting	sb	rejected	death-illness-misfortune: medical stitches / stabbing pain
stof	sb	rejected	death-illness-misfortune: also 'drugs' (stoffer)
stok	sb	rejected	death-illness-misfortune: walking cane; caning connotation
stol	sb	approved	
stolpe	sb	rejected	body-appearance: 'stolper' = mocking slang for thick legs (second review)
stoplys	sb	approved	
storgård	sb	rejected	odd-unclear: rare compound; landed-estate class connotation (second review)
strik	sb	rejected	negative: 'en strik' = rascal (about a child); otherwise a mass noun (second review)
strygejern	sb	approved	
strømkilde	sb	rejected	odd-unclear: technical/abstract power source
strømpe	sb	approved	
studie	sb	rejected	odd-unclear: ambiguous study/studio, abstract
stue	sb	approved	
stueetage	sb	approved	
styretøj	sb	rejected	odd-unclear: technical car part
stødvåben	sb	rejected	weapons-violence: thrusting weapon
støvle	sb	rejected	negative: 'din store støvle' = oaf, idiot (second review)
støvsuger	sb	approved	
suite	sb	approved	
sukker	sb	approved	
supermarked	sb	approved	
suppe	sb	approved	
svinekød	sb	rejected	sensitive: pork, religious dietary sensitivity; 'svin' insult
sving	sb	rejected	odd-unclear: turn/curve, ambiguous and abstract
sværd	sb	rejected	weapons-violence: sword
svævebane	sb	approved	
svævefly	sb	approved	
svømmehal	sb	approved	
sweater	sb	approved	
sygestue	sb	rejected	death-illness-misfortune: sick room
syl	sb	rejected	odd-unclear: rare pointed tool (awl)
syltetøj	sb	approved	
synthesizer	sb	approved	
sysager	sb	rejected	odd-unclear: archaic plural collective
system	sb	rejected	odd-unclear: abstract
sål	sb	approved	
sæd	sb	rejected	body-appearance: semen / seed
sæde	sb	rejected	body-appearance: also means buttocks
sæk	sb	rejected	negative: slang for sloppy person / shapeless garment
sæt	sb	rejected	odd-unclear: abstract 'set'; reads as verb
sættekasse	sb	approved	
søger	sb	rejected	odd-unclear: viewfinder; reads as 'seeker'
søjle	sb	approved	
søm	sb	approved	
taburet	sb	rejected	sensitive: common political idiom 'ministertaburet' (cabinet seat) (second review)
tag	sb	approved	
tagetage	sb	approved	
takeaway	sb	approved	
talje	sb	rejected	body-appearance: waist, body part
tallerken	sb	approved	
tandbørste	sb	rejected	body-appearance: hygiene item
tandhjul	sb	approved	
tang	sb	approved	
tangent	sb	approved	
tank	sb	rejected	weapons-violence: also read as military tank
tankstation	sb	approved	
tarm	sb	rejected	body-appearance: intestine
taske	sb	rejected	negative: 'sur/dum taske' = insult for a woman (second review)
tastatur	sb	approved	
taxa	sb	approved	
teblad	sb	approved	
tekande	sb	approved	
teknik	sb	rejected	odd-unclear: abstract
telefon	sb	approved	
telegraf	sb	rejected	odd-unclear: archaic device
telt	sb	approved	
tempel	sb	rejected	sensitive: religious building
terminal	sb	rejected	death-illness-misfortune: also 'terminal illness' reading
termometer	sb	rejected	death-illness-misfortune: fever/illness; rectal-thermometer joke in DK (second review)
terning	sb	approved	
terrasse	sb	approved	
tilbehør	sb	rejected	odd-unclear: collective/abstract 'accessories'
timer	sb	rejected	odd-unclear: reads as 'hours'
toddy	sb	rejected	death-illness-misfortune: alcoholic drink
tog	sb	approved	
togstamme	sb	rejected	odd-unclear: railway jargon
togvogn	sb	approved	
toilet	sb	rejected	body-appearance: toilet
toilettaske	sb	rejected	body-appearance: hygiene item
tomat	sb	approved	
tommestok	sb	approved	
traktor	sb	approved	
trappe	sb	approved	
triangel	sb	approved	
trin	sb	rejected	odd-unclear: ambiguous step/level, abstract
tromme	sb	approved	
trommestik	sb	approved	
trone	sb	rejected	sensitive: royalty; toilet slang
tronstol	sb	rejected	sensitive: royalty
trug	sb	rejected	odd-unclear: rare word (trough)
trykpresse	sb	approved	
trylledrik	sb	rejected	odd-unclear: fantasy item, not everyday; potion/drug connotation (second review)
træhus	sb	approved	
trækker	sb	rejected	odd-unclear: technical truck unit; reads as verb 'pulls'
trækvogn	sb	approved	
trøje	sb	approved	
tud	sb	rejected	body-appearance: slang for face/crying; body sense
tunge	sb	rejected	body-appearance: tongue
tunnel	sb	approved	
turistbureau	sb	approved	
tyggegummi	sb	approved	
tår	sb	rejected	odd-unclear: quantity 'sip'; near 'tåre' tear
tårn	sb	approved	
tændrør	sb	approved	
tæppe	sb	approved	
tærskel	sb	approved	
tærte	sb	approved	
tøj	sb	approved	
tøjbutik	sb	approved	
tømmerflåde	sb	approved	
tønde	sb	rejected	body-appearance: 'en tønde' = slang for a fat person; beer barrel (second review)
tørkage	sb	approved	
ubåd	sb	rejected	weapons-violence: submarine, mainly military
udbytte	sb	rejected	odd-unclear: abstract dividend/yield
udgang	sb	rejected	odd-unclear: abstract 'exit'
udhæng	sb	rejected	odd-unclear: construction jargon
udløser	sb	rejected	odd-unclear: technical shutter release; trigger sense
udrustning	sb	rejected	weapons-violence: military equipment
udstyr	sb	rejected	odd-unclear: collective; slang for genitals
ufo	sb	rejected	odd-unclear: implies weird/unidentified case
underbukser	sb	rejected	body-appearance: underwear
undertrøje	sb	rejected	body-appearance: underwear
undertøj	sb	rejected	body-appearance: underwear
uniform	sb	rejected	weapons-violence: evokes police/military (second review)
urt	sb	rejected	odd-unclear: singular is literary; homonym = brewing wort (second review)
vadsæk	sb	rejected	odd-unclear: old-fashioned; 'sæk' insult connotation (second review)
vagthus	sb	rejected	weapons-violence: military guardhouse
vagttårn	sb	rejected	weapons-violence: prison/military watchtower
vand	sb	approved	
vandbakkelse	sb	approved	
vandbeholder	sb	approved	
vandflyver	sb	approved	
vandkande	sb	approved	
vandkanon	sb	rejected	weapons-violence: riot-control water cannon
vandmølle	sb	approved	
vandrehjem	sb	approved	
vandscooter	sb	approved	
vanilje	sb	approved	
vante	sb	approved	
varevogn	sb	approved	
varme	sb	rejected	odd-unclear: abstract 'heat'
varmeanlæg	sb	rejected	odd-unclear: technical system
varmeapparat	sb	approved	
varmekilde	sb	rejected	odd-unclear: abstract 'heat source'
varmemåler	sb	rejected	odd-unclear: utility-meter jargon
vase	sb	approved	
vask	sb	rejected	negative: 'gå i vasken' = fail
vaskekumme	sb	rejected	body-appearance: bathroom hygiene fixture
vaskemaskine	sb	approved	
vaskeri	sb	approved	
vasketøj	sb	rejected	negative: 'beskidt vasketøj' = private scandals; dirty-clothes hygiene (second review)
ventesal	sb	rejected	negative: implies waiting/delay for a case
venteværelse	sb	rejected	negative: implies waiting/delay; medical setting
ventil	sb	approved	
ventilator	sb	rejected	death-illness-misfortune: medical respirator sense
vest	sb	approved	
vifte	sb	approved	
vikingeskib	sb	approved	
villa	sb	approved	
vin	sb	rejected	death-illness-misfortune: alcohol
vindmåler	sb	approved	
vindrue	sb	approved	
vindue	sb	approved	
vinfad	sb	rejected	death-illness-misfortune: wine barrel, alcohol
vinge	sb	approved	
vinkel	sb	rejected	odd-unclear: abstract geometry
vinkelmåler	sb	approved	
vinsort	sb	rejected	death-illness-misfortune: alcohol; abstract variety
vogn	sb	approved	
voltmeter	sb	rejected	odd-unclear: technical instrument
våben	sb	rejected	weapons-violence: weapon
våbenart	sb	rejected	weapons-violence: weapon type
væg	sb	approved	
vækkeur	sb	approved	
værk	sb	rejected	odd-unclear: ambiguous: work/factory/ache
værksted	sb	approved	
værktøj	sb	approved	
værtshus	sb	rejected	death-illness-misfortune: pub, alcohol
væske	sb	rejected	odd-unclear: substance; bodily fluid sense
væv	sb	rejected	body-appearance: body tissue
whisky	sb	rejected	death-illness-misfortune: alcohol
wienerbrød	sb	approved	
yacht	sb	approved	
yderdør	sb	approved	
åre	sb	rejected	body-appearance: vein sense
æble	sb	approved	
æde	sb	rejected	odd-unclear: animal feed; reads as verb 'devour'
æggeret	sb	approved	
ældrebolig	sb	rejected	sensitive: age
ærme	sb	approved	
æske	sb	approved	
økologi	sb	rejected	odd-unclear: abstract
økse	sb	rejected	weapons-violence: axe
ølflaske	sb	rejected	death-illness-misfortune: beer bottle, alcohol
øloplukker	sb	rejected	death-illness-misfortune: bottle opener, alcohol
ølskum	sb	rejected	death-illness-misfortune: beer foam, alcohol
øse	sb	approved	
øsekar	sb	rejected	odd-unclear: rare nautical bailer
aflange summende	pair	rejected	sensitive: 'elongated buzzing', reads as vibrator
appetitlige barnevogn	pair	rejected	sensitive: 'appetizing' + pram reads predatory/sexualising
appetitlige børneværelse	pair	rejected	sensitive: 'appetizing' + child's room reads predatory/sexualising
appetitlige hoppende	pair	rejected	body-appearance: 'appetising bouncing', sexualised body reading
appetitlige seng	pair	rejected	sensitive: sexual innuendo ('appetizing bed')
appetitlige sparkedragt	pair	rejected	sensitive: 'appetizing' + baby onesie reads predatory/sexualising
behagelige summende	pair	rejected	sensitive: 'pleasant buzzing', reads as vibrator
blå brev	pair	rejected	negative: 'det blå brev' (German 'blauer Brief') = dismissal or warning notice
blå bønne	pair	rejected	weapons-violence: slang 'blå bønner' = bullets, gunshots
blå strømpe	pair	rejected	negative: evokes 'blåstrømpe' (bluestocking), dated derogatory term for an intellectual woman
byggede bygning	pair	rejected	odd-unclear: tautology reads as an error
dobbelte hat	pair	rejected	negative: evokes 'dobbelthat' = conflicting dual roles/conflict of interest in HR/legal cases
dybe tallerken	pair	rejected	negative: idiom 'opfinde den dybe tallerken' mocks someone for stating the obvious
dybe vand	pair	rejected	negative: evokes 'ude på dybt vand' = out of one's depth/in trouble
elektriske stol	pair	rejected	death-illness-misfortune: the electric chair (execution)
elektriske tændrør	pair	rejected	weapons-violence: 'tændrør' also = detonator; reads as electric blasting cap
elektroniske tændrør	pair	rejected	weapons-violence: reads as electronic detonator
flyvende glas	pair	rejected	weapons-violence: flying glass/shards, thrown glass
flyvende mejsel	pair	rejected	weapons-violence: flying chisel, thrown or projectile hazard
flyvende saks	pair	rejected	weapons-violence: flying scissors, thrown or projectile hazard
flyvende sav	pair	rejected	weapons-violence: flying saw, thrown or projectile hazard
flyvende skruenøgle	pair	rejected	weapons-violence: flying wrench, thrown or projectile hazard
flyvende skruetrækker	pair	rejected	weapons-violence: flying screwdriver, thrown or projectile hazard
flyvende stol	pair	rejected	weapons-violence: thrown chair, brawl
hoppende autocamper	pair	rejected	sensitive: rocking camper van, sexual innuendo
hoppende campingvogn	pair	rejected	sensitive: rocking caravan, sexual innuendo
hoppende seng	pair	rejected	sensitive: bouncing bed, sexual innuendo
lyserøde summende	pair	rejected	sensitive: 'pink buzzing', reads as vibrator
mekaniske appelsin	pair	rejected	odd-unclear: evokes 'A Clockwork Orange' (violent novel/film)
mekaniske tændrør	pair	rejected	weapons-violence: reads as mechanical fuze (munitions)
pink summende	pair	rejected	sensitive: 'pink buzzing', reads as vibrator
runde hoppende	pair	rejected	body-appearance: 'round bouncing', reads as breasts/buttocks
store hoppende	pair	rejected	body-appearance: 'big bouncing', reads as breasts
store rygsæk	pair	rejected	sensitive: 'en stor/tung rygsæk' is social-work jargon for emotional baggage or a troubled past
summende agurk	pair	rejected	sensitive: reads as vibrator
summende courgette	pair	rejected	sensitive: reads as vibrator
summende gulerod	pair	rejected	sensitive: reads as vibrator
